رتبه,پوشه,گروه,نوع,تعداد نمادها,بازده واقعی(%),وین‌ریت(%),حداکثر ضرر متوالی(%),شارپ,کل معاملات,امتیاز,وضعیت
1,Dtsv_XRPUSDT,aggregated,اصلی,1,4.0887%,85.71,-2.00,0.575,7,100.0/100,عالی ★★★★★
2,Dtsv_SOLUSDT_XRPUSDT,aggregated,اصلی,1,3.7887%,77.78,-2.00,0.436,9,100.0/100,عالی ★★★★★
3,Best_15m_BTCUSDT,aggregated,اصلی,1,362.3010%,67.72,-12.00,0.392,1047,94.0/100,عالی ★★★★★
4,Best_15m_SOLUSDT,aggregated,اصلی,1,265.0312%,65.39,-12.00,0.350,497,94.0/100,عالی ★★★★★
5,Best_15m_BTCUSDT_ETHUSDT,aggregated,اصلی,1,698.1750%,67.17,-12.00,0.390,1974,94.0/100,عالی ★★★★★
6,Best_15m_BTCUSDT_SOLUSDT,aggregated,اصلی,1,627.3322%,66.97,-12.00,0.359,1544,94.0/100,عالی ★★★★★
7,Best_15m_BTCUSDT_XRPUSDT,aggregated,اصلی,1,783.6144%,68.00,-12.00,0.383,1922,94.0/100,عالی ★★★★★
8,Best_15m_ETHUSDT_SOLUSDT,aggregated,اصلی,1,600.9052%,66.15,-12.00,0.358,1424,94.0/100,عالی ★★★★★
9,Best_15m_SOLUSDT_XRPUSDT,aggregated,اصلی,1,686.3447%,67.27,-12.00,0.370,1372,94.0/100,عالی ★★★★★
10,Best_15m_BTCUSDT_ETHUSDT_SOLUSDT,aggregated,اصلی,1,963.2062%,66.82,-12.00,0.367,2471,94.0/100,عالی ★★★★★
11,Best_15m_BTCUSDT_ETHUSDT_XRPUSDT,aggregated,اصلی,1,1119.4884%,67.53,-12.00,0.384,2849,94.0/100,عالی ★★★★★
12,Best_15m_BTCUSDT_SOLUSDT_XRPUSDT,aggregated,اصلی,1,1048.6456%,67.47,-12.00,0.369,2419,94.0/100,عالی ★★★★★
13,Best_15m_ETHUSDT_SOLUSDT_XRPUSDT,aggregated,اصلی,1,1022.2186%,66.99,-12.00,0.370,2299,94.0/100,عالی ★★★★★
14,Best_15m_BTCUSDT_ETHUSDT_SOLUSDT_XRPUSDT,aggregated,اصلی,1,1384.5196%,67.21,-12.00,0.372,3346,94.0/100,عالی ★★★★★
15,Best_1h_XRPUSDT,aggregated,اصلی,1,83.4589%,70.00,-6.00,0.556,90,94.0/100,عالی ★★★★★
16,Best_30m_XRPUSDT,aggregated,اصلی,1,178.1268%,67.11,-12.00,0.439,304,94.0/100,عالی ★★★★★
17,Best_30m_BTCUSDT_XRPUSDT,aggregated,اصلی,1,330.7871%,66.77,-12.00,0.417,668,94.0/100,عالی ★★★★★
18,Best_30m_ETHUSDT_XRPUSDT,aggregated,اصلی,1,336.8871%,67.95,-12.00,0.456,596,94.0/100,عالی ★★★★★
19,Best_30m_SOLUSDT_XRPUSDT,aggregated,اصلی,1,302.1526%,67.46,-12.00,0.475,464,94.0/100,عالی ★★★★★
20,Best_30m_BTCUSDT_ETHUSDT_XRPUSDT,aggregated,اصلی,1,489.5474%,67.40,-12.00,0.436,960,94.0/100,عالی ★★★★★
21,Best_30m_BTCUSDT_SOLUSDT_XRPUSDT,aggregated,اصلی,1,454.8129%,67.03,-12.00,0.442,828,94.0/100,عالی ★★★★★
22,Best_30m_ETHUSDT_SOLUSDT_XRPUSDT,aggregated,اصلی,1,460.9128%,67.99,-12.00,0.474,756,94.0/100,عالی ★★★★★
23,Best_30m_BTCUSDT_ETHUSDT_SOLUSDT_XRPUSDT,aggregated,اصلی,1,613.5732%,67.50,-12.00,0.451,1120,94.0/100,عالی ★★★★★
24,Best_5m_SOLUSDT,aggregated,اصلی,1,820.9103%,70.64,-12.00,0.346,2878,94.0/100,عالی ★★★★★
25,Best_1h_BTCUSDT,aggregated,اصلی,1,56.0732%,58.23,-14.00,0.295,158,88.0/100,عالی ★★★★★
26,Best_1h_BTCUSDT_ETHUSDT,aggregated,اصلی,1,110.8788%,59.11,-14.00,0.316,247,88.0/100,عالی ★★★★★
27,Best_1h_BTCUSDT_PAXGUSDT,aggregated,اصلی,1,50.3333%,55.71,-14.00,0.210,219,88.0/100,عالی ★★★★★
28,Best_1h_BTCUSDT_SOLUSDT,aggregated,اصلی,1,117.7581%,60.71,-14.00,0.360,224,88.0/100,عالی ★★★★★
29,Best_1h_BTCUSDT_XRPUSDT,aggregated,اصلی,1,139.5321%,62.50,-14.00,0.398,248,88.0/100,عالی ★★★★★
30,Best_1h_BTCUSDT_ETHUSDT_PAXGUSDT,aggregated,اصلی,1,105.1388%,57.14,-14.00,0.259,308,88.0/100,عالی ★★★★★
31,Best_1h_BTCUSDT_ETHUSDT_SOLUSDT,aggregated,اصلی,1,172.5637%,60.70,-14.00,0.358,313,88.0/100,عالی ★★★★★
32,Best_1h_BTCUSDT_ETHUSDT_XRPUSDT,aggregated,اصلی,1,194.3377%,62.02,-14.00,0.384,337,88.0/100,عالی ★★★★★
33,Best_1h_BTCUSDT_PAXGUSDT_SOLUSDT,aggregated,اصلی,1,112.0182%,58.25,-14.00,0.291,285,88.0/100,عالی ★★★★★
34,Best_1h_BTCUSDT_PAXGUSDT_XRPUSDT,aggregated,اصلی,1,133.7922%,59.87,-14.00,0.327,309,88.0/100,عالی ★★★★★
35,Best_1h_BTCUSDT_SOLUSDT_XRPUSDT,aggregated,اصلی,1,201.2171%,63.38,-14.00,0.418,314,88.0/100,عالی ★★★★★
36,Best_1h_BTCUSDT_ETHUSDT_PAXGUSDT_SOLUSDT,aggregated,اصلی,1,166.8237%,58.82,-14.00,0.307,374,88.0/100,عالی ★★★★★
37,Best_1h_BTCUSDT_ETHUSDT_PAXGUSDT_XRPUSDT,aggregated,اصلی,1,188.5977%,60.05,-14.00,0.333,398,88.0/100,عالی ★★★★★
38,Best_1h_BTCUSDT_ETHUSDT_SOLUSDT_XRPUSDT,aggregated,اصلی,1,256.0226%,62.78,-14.00,0.403,403,88.0/100,عالی ★★★★★
39,Best_1h_BTCUSDT_PAXGUSDT_SOLUSDT_XRPUSDT,aggregated,اصلی,1,195.4771%,61.07,-14.00,0.360,375,88.0/100,عالی ★★★★★
40,Best_1h_BTCUSDT_ETHUSDT_PAXGUSDT_SOLUSDT_XRPUSDT,aggregated,اصلی,1,250.2827%,60.99,-14.00,0.358,464,88.0/100,عالی ★★★★★
41,Best_30m_BTCUSDT_PAXGUSDT,aggregated,اصلی,1,141.1801%,61.70,-14.00,0.282,530,88.0/100,عالی ★★★★★
42,Best_30m_ETHUSDT_PAXGUSDT,aggregated,اصلی,1,147.2800%,62.45,-14.00,0.319,458,88.0/100,عالی ★★★★★
43,Best_30m_PAXGUSDT_SOLUSDT,aggregated,اصلی,1,112.5455%,59.51,-14.00,0.298,326,88.0/100,عالی ★★★★★
44,Best_30m_PAXGUSDT_XRPUSDT,aggregated,اصلی,1,166.6466%,61.49,-14.00,0.305,470,88.0/100,عالی ★★★★★
45,Best_30m_BTCUSDT_ETHUSDT_PAXGUSDT,aggregated,اصلی,1,299.9403%,64.23,-14.00,0.356,822,88.0/100,عالی ★★★★★
46,Best_30m_BTCUSDT_PAXGUSDT_SOLUSDT,aggregated,اصلی,1,265.2058%,63.19,-14.00,0.349,690,88.0/100,عالی ★★★★★
47,Best_30m_BTCUSDT_PAXGUSDT_XRPUSDT,aggregated,اصلی,1,319.3069%,63.67,-14.00,0.344,834,88.0/100,عالی ★★★★★
48,Best_30m_ETHUSDT_PAXGUSDT_SOLUSDT,aggregated,اصلی,1,271.3058%,63.92,-14.00,0.382,618,88.0/100,عالی ★★★★★
49,Best_30m_ETHUSDT_PAXGUSDT_XRPUSDT,aggregated,اصلی,1,325.4068%,64.30,-14.00,0.370,762,88.0/100,عالی ★★★★★
50,Best_30m_PAXGUSDT_SOLUSDT_XRPUSDT,aggregated,اصلی,1,290.6723%,63.17,-14.00,0.369,630,88.0/100,عالی ★★★★★
51,Best_30m_BTCUSDT_ETHUSDT_PAXGUSDT_SOLUSDT,aggregated,اصلی,1,423.9661%,64.87,-14.00,0.388,982,88.0/100,عالی ★★★★★
52,Best_30m_BTCUSDT_ETHUSDT_PAXGUSDT_XRPUSDT,aggregated,اصلی,1,478.0672%,65.01,-14.00,0.379,1126,88.0/100,عالی ★★★★★
53,Best_30m_BTCUSDT_PAXGUSDT_SOLUSDT_XRPUSDT,aggregated,اصلی,1,443.3326%,64.39,-14.00,0.378,994,88.0/100,عالی ★★★★★
54,Best_30m_ETHUSDT_PAXGUSDT_SOLUSDT_XRPUSDT,aggregated,اصلی,1,449.4326%,64.97,-14.00,0.401,922,88.0/100,عالی ★★★★★
55,Best_30m_BTCUSDT_ETHUSDT_PAXGUSDT_SOLUSDT_XRPUSDT,aggregated,اصلی,1,602.0929%,65.40,-14.00,0.400,1286,88.0/100,عالی ★★★★★
56,Best_15m_XRPUSDT,aggregated,اصلی,1,421.3134%,68.34,-8.00,0.387,875,82.0/100,عالی ★★★★★
57,Best_1h_ETHUSDT,aggregated,اصلی,1,54.8055%,60.67,-8.00,0.355,89,82.0/100,عالی ★★★★★
58,Best_1h_SOLUSDT,aggregated,اصلی,1,61.6849%,66.67,-8.00,0.494,66,82.0/100,عالی ★★★★★
59,Best_1h_ETHUSDT_PAXGUSDT,aggregated,اصلی,1,49.0656%,56.00,-8.00,0.228,150,82.0/100,عالی ★★★★★
60,Best_1h_ETHUSDT_SOLUSDT,aggregated,اصلی,1,116.4905%,63.23,-8.00,0.417,155,82.0/100,عالی ★★★★★
61,Best_1h_ETHUSDT_XRPUSDT,aggregated,اصلی,1,138.2645%,65.36,-8.00,0.453,179,82.0/100,عالی ★★★★★
62,Best_1h_PAXGUSDT_SOLUSDT,aggregated,اصلی,1,55.9450%,58.27,-8.00,0.291,127,82.0/100,عالی ★★★★★
63,Best_1h_PAXGUSDT_XRPUSDT,aggregated,اصلی,1,77.7190%,61.59,-8.00,0.358,151,82.0/100,عالی ★★★★★
64,Best_1h_SOLUSDT_XRPUSDT,aggregated,اصلی,1,145.1438%,68.59,-8.00,0.529,156,82.0/100,عالی ★★★★★
65,Best_1h_ETHUSDT_PAXGUSDT_SOLUSDT,aggregated,اصلی,1,110.7505%,59.26,-8.00,0.319,216,82.0/100,عالی ★★★★★
66,Best_1h_ETHUSDT_PAXGUSDT_XRPUSDT,aggregated,اصلی,1,132.5245%,61.25,-8.00,0.356,240,82.0/100,عالی ★★★★★
67,Best_1h_ETHUSDT_SOLUSDT_XRPUSDT,aggregated,اصلی,1,199.9494%,65.71,-8.00,0.465,245,82.0/100,عالی ★★★★★
68,Best_1h_PAXGUSDT_SOLUSDT_XRPUSDT,aggregated,اصلی,1,139.4039%,63.13,-8.00,0.403,217,82.0/100,عالی ★★★★★
69,Best_1h_ETHUSDT_PAXGUSDT_SOLUSDT_XRPUSDT,aggregated,اصلی,1,194.2094%,62.42,-8.00,0.388,306,82.0/100,عالی ★★★★★
70,Best_30m_BTCUSDT,aggregated,اصلی,1,152.6603%,66.48,-8.00,0.401,364,82.0/100,عالی ★★★★★
71,Best_30m_ETHUSDT,aggregated,اصلی,1,158.7603%,68.84,-8.00,0.480,292,82.0/100,عالی ★★★★★
72,Best_30m_SOLUSDT,aggregated,اصلی,1,124.0257%,68.12,-8.00,0.539,160,82.0/100,عالی ★★★★★
73,Best_30m_BTCUSDT_ETHUSDT,aggregated,اصلی,1,311.4206%,67.53,-8.00,0.437,656,82.0/100,عالی ★★★★★
74,Best_30m_BTCUSDT_SOLUSDT,aggregated,اصلی,1,276.6861%,66.98,-8.00,0.444,524,82.0/100,عالی ★★★★★
75,Best_30m_ETHUSDT_SOLUSDT,aggregated,اصلی,1,282.7860%,68.58,-8.00,0.499,452,82.0/100,عالی ★★★★★
76,Best_30m_BTCUSDT_ETHUSDT_SOLUSDT,aggregated,اصلی,1,435.4463%,67.65,-8.00,0.457,816,82.0/100,عالی ★★★★★
77,Best_5m_ETHUSDT,aggregated,اصلی,1,1365.2640%,68.98,-16.00,0.310,6293,82.0/100,عالی ★★★★★
78,Best_5m_XRPUSDT,aggregated,اصلی,1,1061.7262%,67.56,-16.00,0.294,4753,82.0/100,عالی ★★★★★
79,Best_5m_ETHUSDT_PAXGUSDT,aggregated,اصلی,1,1354.1726%,66.74,-16.00,0.254,7744,82.0/100,عالی ★★★★★
80,Best_5m_ETHUSDT_SOLUSDT,aggregated,اصلی,1,2186.1743%,69.50,-16.00,0.321,9171,82.0/100,عالی ★★★★★
81,Best_5m_ETHUSDT_XRPUSDT,aggregated,اصلی,1,2426.9903%,68.37,-16.00,0.302,11046,82.0/100,عالی ★★★★★
82,Best_5m_PAXGUSDT_SOLUSDT,aggregated,اصلی,1,809.8188%,66.07,-16.00,0.243,4329,82.0/100,عالی ★★★★★
83,Best_5m_PAXGUSDT_XRPUSDT,aggregated,اصلی,1,1050.6348%,65.09,-16.00,0.231,6204,82.0/100,عالی ★★★★★
84,Best_5m_SOLUSDT_XRPUSDT,aggregated,اصلی,1,1882.6365%,68.72,-16.00,0.314,7631,82.0/100,عالی ★★★★★
85,Best_5m_ETHUSDT_PAXGUSDT_SOLUSDT,aggregated,اصلی,1,2175.0829%,67.79,-16.00,0.281,10622,82.0/100,عالی ★★★★★
86,Best_5m_ETHUSDT_PAXGUSDT_XRPUSDT,aggregated,اصلی,1,2415.8988%,67.05,-16.00,0.270,12497,82.0/100,عالی ★★★★★
87,Best_5m_ETHUSDT_SOLUSDT_XRPUSDT,aggregated,اصلی,1,3247.9005%,68.84,-16.00,0.312,13924,82.0/100,عالی ★★★★★
88,Best_5m_PAXGUSDT_SOLUSDT_XRPUSDT,aggregated,اصلی,1,1871.5451%,66.85,-16.00,0.270,9082,82.0/100,عالی ★★★★★
89,Best_5m_ETHUSDT_PAXGUSDT_SOLUSDT_XRPUSDT,aggregated,اصلی,1,3236.8091%,67.72,-16.00,0.285,15375,82.0/100,عالی ★★★★★
90,Best_5m_BTCUSDT,aggregated,اصلی,1,963.3179%,66.97,-18.00,0.232,6351,76.0/100,خوب ★★★★
91,Best_5m_BTCUSDT_ETHUSDT,aggregated,اصلی,1,2328.5820%,67.97,-18.00,0.272,12644,76.0/100,خوب ★★★★
92,Best_5m_BTCUSDT_PAXGUSDT,aggregated,اصلی,1,952.2265%,65.11,-18.00,0.189,7802,76.0/100,خوب ★★★★
93,Best_5m_BTCUSDT_SOLUSDT,aggregated,اصلی,1,1784.2282%,68.11,-18.00,0.271,9229,76.0/100,خوب ★★★★
94,Best_5m_BTCUSDT_XRPUSDT,aggregated,اصلی,1,2025.0442%,67.22,-18.00,0.260,11104,76.0/100,خوب ★★★★
95,Best_5m_BTCUSDT_ETHUSDT_PAXGUSDT,aggregated,اصلی,1,2317.4905%,66.84,-18.00,0.244,14095,76.0/100,خوب ★★★★
96,Best_5m_BTCUSDT_ETHUSDT_SOLUSDT,aggregated,اصلی,1,3149.4923%,68.46,-18.00,0.286,15522,76.0/100,خوب ★★★★
97,Best_5m_BTCUSDT_ETHUSDT_XRPUSDT,aggregated,اصلی,1,3390.3082%,67.86,-18.00,0.278,17397,76.0/100,خوب ★★★★
98,Best_5m_BTCUSDT_PAXGUSDT_SOLUSDT,aggregated,اصلی,1,1773.1368%,66.60,-18.00,0.236,10680,76.0/100,خوب ★★★★
99,Best_5m_BTCUSDT_PAXGUSDT_XRPUSDT,aggregated,اصلی,1,2013.9527%,66.04,-18.00,0.231,12555,76.0/100,خوب ★★★★
100,Best_5m_BTCUSDT_SOLUSDT_XRPUSDT,aggregated,اصلی,1,2845.9544%,67.92,-18.00,0.279,13982,76.0/100,خوب ★★★★
101,Best_5m_BTCUSDT_ETHUSDT_PAXGUSDT_SOLUSDT,aggregated,اصلی,1,3138.4008%,67.48,-18.00,0.263,16973,76.0/100,خوب ★★★★
102,Best_5m_BTCUSDT_ETHUSDT_PAXGUSDT_XRPUSDT,aggregated,اصلی,1,3379.2168%,67.02,-18.00,0.257,18848,76.0/100,خوب ★★★★
103,Best_5m_BTCUSDT_ETHUSDT_SOLUSDT_XRPUSDT,aggregated,اصلی,1,4211.2185%,68.25,-18.00,0.288,20275,76.0/100,خوب ★★★★
104,Best_5m_BTCUSDT_PAXGUSDT_SOLUSDT_XRPUSDT,aggregated,اصلی,1,2834.8630%,66.90,-18.00,0.255,15433,76.0/100,خوب ★★★★
105,Best_5m_BTCUSDT_ETHUSDT_PAXGUSDT_SOLUSDT_XRPUSDT,aggregated,اصلی,1,4200.1270%,67.50,-18.00,0.270,21726,76.0/100,خوب ★★★★
106,Best_15m_ETHUSDT,aggregated,اصلی,1,335.8740%,66.56,-10.00,0.387,927,70.0/100,خوب ★★★★
107,Best_15m_BTCUSDT_PAXGUSDT,aggregated,اصلی,1,325.7555%,63.43,-20.00,0.272,1471,70.0/100,خوب ★★★★
108,Best_15m_ETHUSDT_PAXGUSDT,aggregated,اصلی,1,299.3285%,62.25,-20.00,0.261,1351,70.0/100,خوب ★★★★
109,Best_15m_ETHUSDT_XRPUSDT,aggregated,اصلی,1,757.1874%,67.43,-10.00,0.383,1802,70.0/100,خوب ★★★★
110,Best_15m_PAXGUSDT_SOLUSDT,aggregated,اصلی,1,228.4857%,59.61,-20.00,0.205,921,70.0/100,خوب ★★★★
111,Best_15m_PAXGUSDT_XRPUSDT,aggregated,اصلی,1,384.7679%,63.28,-20.00,0.271,1299,70.0/100,خوب ★★★★
112,Best_15m_BTCUSDT_ETHUSDT_PAXGUSDT,aggregated,اصلی,1,661.6295%,64.64,-20.00,0.319,2398,70.0/100,خوب ★★★★
113,Best_15m_BTCUSDT_PAXGUSDT_SOLUSDT,aggregated,اصلی,1,590.7867%,63.92,-20.00,0.286,1968,70.0/100,خوب ★★★★
114,Best_15m_BTCUSDT_PAXGUSDT_XRPUSDT,aggregated,اصلی,1,747.0689%,65.26,-20.00,0.317,2346,70.0/100,خوب ★★★★
115,Best_15m_ETHUSDT_PAXGUSDT_SOLUSDT,aggregated,اصلی,1,564.3597%,63.10,-20.00,0.282,1848,70.0/100,خوب ★★★★
116,Best_15m_ETHUSDT_PAXGUSDT_XRPUSDT,aggregated,اصلی,1,720.6419%,64.65,-20.00,0.314,2226,70.0/100,خوب ★★★★
117,Best_15m_PAXGUSDT_SOLUSDT_XRPUSDT,aggregated,اصلی,1,649.7992%,63.86,-20.00,0.294,1796,70.0/100,خوب ★★★★
118,Best_15m_BTCUSDT_ETHUSDT_PAXGUSDT_SOLUSDT,aggregated,اصلی,1,926.6607%,64.77,-20.00,0.316,2895,70.0/100,خوب ★★★★
119,Best_15m_BTCUSDT_ETHUSDT_PAXGUSDT_XRPUSDT,aggregated,اصلی,1,1082.9429%,65.63,-20.00,0.336,3273,70.0/100,خوب ★★★★
120,Best_15m_BTCUSDT_PAXGUSDT_SOLUSDT_XRPUSDT,aggregated,اصلی,1,1012.1001%,65.28,-20.00,0.319,2843,70.0/100,خوب ★★★★
121,Best_15m_ETHUSDT_PAXGUSDT_SOLUSDT_XRPUSDT,aggregated,اصلی,1,985.6731%,64.78,-20.00,0.318,2723,70.0/100,خوب ★★★★
122,Best_15m_BTCUSDT_ETHUSDT_PAXGUSDT_SOLUSDT_XRPUSDT,aggregated,اصلی,1,1347.9741%,65.60,-20.00,0.333,3770,70.0/100,خوب ★★★★
123,Dtsv_ETHUSDT_XRPUSDT,aggregated,اصلی,1,2.2173%,62.50,-10.00,0.166,16,70.0/100,خوب ★★★★
124,Dtsv_ETHUSDT_SOLUSDT_XRPUSDT,aggregated,اصلی,1,1.9172%,61.11,-10.00,0.133,18,70.0/100,خوب ★★★★
125,Dtsv_BTCUSDT_XRPUSDT,aggregated,اصلی,1,0.9523%,52.63,-6.00,0.060,19,54.0/100,متوسط ★★★
126,Dtsv_BTCUSDT_SOLUSDT_XRPUSDT,aggregated,اصلی,1,0.6522%,52.38,-6.00,0.038,21,54.0/100,متوسط ★★★
127,Dtsv_BTCUSDT_INV,aggregated,معکوس,1,-3.1984%,66.67,-4.00,-0.208,12,30.0/100,ضعیف ★★
128,Dtsv_SOLUSDT,aggregated,اصلی,1,-0.3000%,50.00,-2.00,-0.236,2,30.0/100,ضعیف ★★
129,Dtsv_SOLUSDT_INV,aggregated,معکوس,1,-1.3998%,50.00,-2.00,-0.381,2,30.0/100,ضعیف ★★
130,Dtsv_BTCUSDT_SOLUSDT_INV,aggregated,معکوس,1,-4.5982%,64.29,-4.00,-0.254,14,30.0/100,ضعیف ★★
131,Best_1h_PAXGUSDT_INV,aggregated,معکوس,1,-40.7907%,50.82,-12.00,-0.504,61,24.0/100,ضعیف ★★
132,Dtsv_BTCUSDT,aggregated,اصلی,1,-3.1364%,33.33,-6.00,-0.484,12,24.0/100,ضعیف ★★
133,Dtsv_BTCUSDT_SOLUSDT,aggregated,اصلی,1,-3.4365%,35.71,-6.00,-0.464,14,24.0/100,ضعیف ★★
134,Best_30m_PAXGUSDT,aggregated,اصلی,1,-11.4802%,51.20,-14.00,-0.126,166,18.0/100,بسیار ضعیف ★
135,Best_1h_BTCUSDT_INV,aggregated,معکوس,1,-136.9641%,41.77,-16.00,-0.626,158,12.0/100,بسیار ضعیف ★
136,Best_1h_PAXGUSDT,aggregated,اصلی,1,-5.7399%,49.18,-8.00,-0.150,61,12.0/100,بسیار ضعیف ★
137,Best_1h_SOLUSDT_INV,aggregated,معکوس,1,-62.3198%,33.33,-16.00,-0.599,66,12.0/100,بسیار ضعیف ★
138,Best_1h_BTCUSDT_PAXGUSDT_INV,aggregated,معکوس,1,-177.7548%,44.29,-16.00,-0.593,219,12.0/100,بسیار ضعیف ★
139,Best_1h_BTCUSDT_SOLUSDT_INV,aggregated,معکوس,1,-199.2839%,39.29,-16.00,-0.618,224,12.0/100,بسیار ضعیف ★
140,Best_1h_PAXGUSDT_SOLUSDT_INV,aggregated,معکوس,1,-103.1105%,41.73,-16.00,-0.555,127,12.0/100,بسیار ضعیف ★
141,Best_1h_BTCUSDT_PAXGUSDT_SOLUSDT_INV,aggregated,معکوس,1,-240.0746%,41.75,-16.00,-0.594,285,12.0/100,بسیار ضعیف ★
142,Best_5m_PAXGUSDT,aggregated,اصلی,1,-11.0914%,57.00,-16.00,-0.013,1451,12.0/100,بسیار ضعیف ★
143,Dtsv_ETHUSDT_INV,aggregated,معکوس,1,-4.9990%,55.56,-8.00,-0.405,9,12.0/100,بسیار ضعیف ★
144,Dtsv_BTCUSDT_ETHUSDT_INV,aggregated,معکوس,1,-8.1974%,61.90,-8.00,-0.302,21,12.0/100,بسیار ضعیف ★
145,Dtsv_ETHUSDT_SOLUSDT_INV,aggregated,معکوس,1,-6.3988%,54.55,-8.00,-0.428,11,12.0/100,بسیار ضعیف ★
146,Dtsv_BTCUSDT_ETHUSDT_SOLUSDT_INV,aggregated,معکوس,1,-9.5972%,60.87,-8.00,-0.322,23,12.0/100,بسیار ضعیف ★
147,Best_1h_XRPUSDT_INV,aggregated,معکوس,1,-104.1502%,30.00,-18.00,-0.877,90,6.0/100,بسیار ضعیف ★
148,Best_1h_BTCUSDT_XRPUSDT_INV,aggregated,معکوس,1,-241.1143%,37.50,-18.00,-0.712,248,6.0/100,بسیار ضعیف ★
149,Best_1h_PAXGUSDT_XRPUSDT_INV,aggregated,معکوس,1,-144.9409%,38.41,-18.00,-0.717,151,6.0/100,بسیار ضعیف ★
150,Best_1h_SOLUSDT_XRPUSDT_INV,aggregated,معکوس,1,-166.4700%,31.41,-18.00,-0.745,156,6.0/100,بسیار ضعیف ★
151,Best_1h_BTCUSDT_PAXGUSDT_XRPUSDT_INV,aggregated,معکوس,1,-281.9050%,40.13,-18.00,-0.670,309,6.0/100,بسیار ضعیف ★
152,Best_1h_BTCUSDT_SOLUSDT_XRPUSDT_INV,aggregated,معکوس,1,-303.4341%,36.62,-18.00,-0.685,314,6.0/100,بسیار ضعیف ★
153,Best_1h_PAXGUSDT_SOLUSDT_XRPUSDT_INV,aggregated,معکوس,1,-207.2607%,36.87,-18.00,-0.676,217,6.0/100,بسیار ضعیف ★
154,Best_1h_BTCUSDT_PAXGUSDT_SOLUSDT_XRPUSDT_INV,aggregated,معکوس,1,-344.2248%,38.93,-18.00,-0.656,375,6.0/100,بسیار ضعیف ★
155,Ttt3_SOLUSDT_INV,aggregated,معکوس,1,-2466.8813%,54.31,-18.00,-0.485,4005,6.0/100,بسیار ضعیف ★
156,Best_15m_BTCUSDT_INV,aggregated,معکوس,1,-1212.6216%,32.28,-44.00,-0.949,1047,0.0/100,بسیار ضعیف ★
157,Best_15m_ETHUSDT_INV,aggregated,معکوس,1,-1041.5992%,33.44,-38.00,-0.907,927,0.0/100,بسیار ضعیف ★
158,Best_15m_PAXGUSDT,aggregated,اصلی,1,-36.5455%,52.83,-20.00,-0.174,424,0.0/100,بسیار ضعیف ★
159,Best_15m_PAXGUSDT_INV,aggregated,معکوس,1,-335.1733%,47.17,-20.00,-0.615,424,0.0/100,بسیار ضعیف ★
160,Best_15m_SOLUSDT_INV,aggregated,معکوس,1,-533.5494%,34.61,-28.00,-0.833,497,0.0/100,بسیار ضعیف ★
161,Best_15m_XRPUSDT_INV,aggregated,معکوس,1,-1018.0216%,31.66,-28.00,-0.941,875,0.0/100,بسیار ضعیف ★
162,Best_15m_BTCUSDT_ETHUSDT_INV,aggregated,معکوس,1,-2254.2208%,32.83,-44.00,-0.929,1974,0.0/100,بسیار ضعیف ★
163,Best_15m_BTCUSDT_PAXGUSDT_INV,aggregated,معکوس,1,-1547.7949%,36.57,-44.00,-0.842,1471,0.0/100,بسیار ضعیف ★
164,Best_15m_BTCUSDT_SOLUSDT_INV,aggregated,معکوس,1,-1746.1710%,33.03,-44.00,-0.910,1544,0.0/100,بسیار ضعیف ★
165,Best_15m_BTCUSDT_XRPUSDT_INV,aggregated,معکوس,1,-2230.6432%,32.00,-44.00,-0.945,1922,0.0/100,بسیار ضعیف ★
166,Best_15m_ETHUSDT_PAXGUSDT_INV,aggregated,معکوس,1,-1376.7725%,37.75,-38.00,-0.808,1351,0.0/100,بسیار ضعیف ★
167,Best_15m_ETHUSDT_SOLUSDT_INV,aggregated,معکوس,1,-1575.1486%,33.85,-38.00,-0.881,1424,0.0/100,بسیار ضعیف ★
168,Best_15m_ETHUSDT_XRPUSDT_INV,aggregated,معکوس,1,-2059.6208%,32.57,-38.00,-0.924,1802,0.0/100,بسیار ضعیف ★
169,Best_15m_PAXGUSDT_SOLUSDT_INV,aggregated,معکوس,1,-868.7227%,40.39,-28.00,-0.729,921,0.0/100,بسیار ضعیف ★
170,Best_15m_PAXGUSDT_XRPUSDT_INV,aggregated,معکوس,1,-1353.1949%,36.72,-28.00,-0.824,1299,0.0/100,بسیار ضعیف ★
171,Best_15m_SOLUSDT_XRPUSDT_INV,aggregated,معکوس,1,-1551.5710%,32.73,-28.00,-0.900,1372,0.0/100,بسیار ضعیف ★
172,Best_15m_BTCUSDT_ETHUSDT_PAXGUSDT_INV,aggregated,معکوس,1,-2589.3941%,35.36,-44.00,-0.867,2398,0.0/100,بسیار ضعیف ★
173,Best_15m_BTCUSDT_ETHUSDT_SOLUSDT_INV,aggregated,معکوس,1,-2787.7702%,33.18,-44.00,-0.909,2471,0.0/100,بسیار ضعیف ★
174,Best_15m_BTCUSDT_ETHUSDT_XRPUSDT_INV,aggregated,معکوس,1,-3272.2424%,32.47,-44.00,-0.933,2849,0.0/100,بسیار ضعیف ★
175,Best_15m_BTCUSDT_PAXGUSDT_SOLUSDT_INV,aggregated,معکوس,1,-2081.3443%,36.08,-44.00,-0.840,1968,0.0/100,بسیار ضعیف ★
176,Best_15m_BTCUSDT_PAXGUSDT_XRPUSDT_INV,aggregated,معکوس,1,-2565.8165%,34.74,-44.00,-0.878,2346,0.0/100,بسیار ضعیف ★
177,Best_15m_BTCUSDT_SOLUSDT_XRPUSDT_INV,aggregated,معکوس,1,-2764.1926%,32.53,-44.00,-0.921,2419,0.0/100,بسیار ضعیف ★
178,Best_15m_ETHUSDT_PAXGUSDT_SOLUSDT_INV,aggregated,معکوس,1,-1910.3219%,36.90,-38.00,-0.815,1848,0.0/100,بسیار ضعیف ★
179,Best_15m_ETHUSDT_PAXGUSDT_XRPUSDT_INV,aggregated,معکوس,1,-2394.7941%,35.35,-38.00,-0.858,2226,0.0/100,بسیار ضعیف ★
180,Best_15m_ETHUSDT_SOLUSDT_XRPUSDT_INV,aggregated,معکوس,1,-2593.1702%,33.01,-38.00,-0.903,2299,0.0/100,بسیار ضعیف ★
181,Best_15m_PAXGUSDT_SOLUSDT_XRPUSDT_INV,aggregated,معکوس,1,-1886.7443%,36.14,-28.00,-0.827,1796,0.0/100,بسیار ضعیف ★
182,Best_15m_BTCUSDT_ETHUSDT_PAXGUSDT_SOLUSDT_INV,aggregated,معکوس,1,-3122.9435%,35.23,-44.00,-0.861,2895,0.0/100,بسیار ضعیف ★
183,Best_15m_BTCUSDT_ETHUSDT_PAXGUSDT_XRPUSDT_INV,aggregated,معکوس,1,-3607.4157%,34.37,-44.00,-0.886,3273,0.0/100,بسیار ضعیف ★
184,Best_15m_BTCUSDT_ETHUSDT_SOLUSDT_XRPUSDT_INV,aggregated,معکوس,1,-3805.7918%,32.79,-44.00,-0.917,3346,0.0/100,بسیار ضعیف ★
185,Best_15m_BTCUSDT_PAXGUSDT_SOLUSDT_XRPUSDT_INV,aggregated,معکوس,1,-3099.3659%,34.72,-44.00,-0.870,2843,0.0/100,بسیار ضعیف ★
186,Best_15m_ETHUSDT_PAXGUSDT_SOLUSDT_XRPUSDT_INV,aggregated,معکوس,1,-2928.3435%,35.22,-38.00,-0.854,2723,0.0/100,بسیار ضعیف ★
187,Best_15m_BTCUSDT_ETHUSDT_PAXGUSDT_SOLUSDT_XRPUSDT_INV,aggregated,معکوس,1,-4140.9651%,34.40,-44.00,-0.879,3770,0.0/100,بسیار ضعیف ★
188,Best_1h_ETHUSDT_INV,aggregated,معکوس,1,-71.8492%,39.33,-20.00,-0.495,89,0.0/100,بسیار ضعیف ★
189,Best_1h_BTCUSDT_ETHUSDT_INV,aggregated,معکوس,1,-208.8133%,40.89,-20.00,-0.573,247,0.0/100,بسیار ضعیف ★
190,Best_1h_ETHUSDT_PAXGUSDT_INV,aggregated,معکوس,1,-112.6399%,44.00,-20.00,-0.497,150,0.0/100,بسیار ضعیف ★
191,Best_1h_ETHUSDT_SOLUSDT_INV,aggregated,معکوس,1,-134.1690%,36.77,-20.00,-0.539,155,0.0/100,بسیار ضعیف ★
192,Best_1h_ETHUSDT_XRPUSDT_INV,aggregated,معکوس,1,-175.9994%,34.64,-20.00,-0.661,179,0.0/100,بسیار ضعیف ★
193,Best_1h_BTCUSDT_ETHUSDT_PAXGUSDT_INV,aggregated,معکوس,1,-249.6040%,42.86,-20.00,-0.560,308,0.0/100,بسیار ضعیف ★
194,Best_1h_BTCUSDT_ETHUSDT_SOLUSDT_INV,aggregated,معکوس,1,-271.1331%,39.30,-20.00,-0.579,313,0.0/100,بسیار ضعیف ★
195,Best_1h_BTCUSDT_ETHUSDT_XRPUSDT_INV,aggregated,معکوس,1,-312.9635%,37.98,-20.00,-0.645,337,0.0/100,بسیار ضعیف ★
196,Best_1h_ETHUSDT_PAXGUSDT_SOLUSDT_INV,aggregated,معکوس,1,-174.9597%,40.74,-20.00,-0.529,216,0.0/100,بسیار ضعیف ★
197,Best_1h_ETHUSDT_PAXGUSDT_XRPUSDT_INV,aggregated,معکوس,1,-216.7901%,38.75,-20.00,-0.622,240,0.0/100,بسیار ضعیف ★
198,Best_1h_ETHUSDT_SOLUSDT_XRPUSDT_INV,aggregated,معکوس,1,-238.3192%,34.29,-20.00,-0.644,245,0.0/100,بسیار ضعیف ★
199,Best_1h_BTCUSDT_ETHUSDT_PAXGUSDT_SOLUSDT_INV,aggregated,معکوس,1,-311.9238%,41.18,-20.00,-0.568,374,0.0/100,بسیار ضعیف ★
200,Best_1h_BTCUSDT_ETHUSDT_PAXGUSDT_XRPUSDT_INV,aggregated,معکوس,1,-353.7542%,39.95,-20.00,-0.624,398,0.0/100,بسیار ضعیف ★
201,Best_1h_BTCUSDT_ETHUSDT_SOLUSDT_XRPUSDT_INV,aggregated,معکوس,1,-375.2833%,37.22,-20.00,-0.637,403,0.0/100,بسیار ضعیف ★
202,Best_1h_ETHUSDT_PAXGUSDT_SOLUSDT_XRPUSDT_INV,aggregated,معکوس,1,-279.1099%,37.58,-20.00,-0.617,306,0.0/100,بسیار ضعیف ★
203,Best_1h_BTCUSDT_ETHUSDT_PAXGUSDT_SOLUSDT_XRPUSDT_INV,aggregated,معکوس,1,-416.0740%,39.01,-20.00,-0.620,464,0.0/100,بسیار ضعیف ★
204,Best_30m_BTCUSDT_INV,aggregated,معکوس,1,-408.1245%,33.52,-20.00,-0.903,364,0.0/100,بسیار ضعیف ★
205,Best_30m_ETHUSDT_INV,aggregated,معکوس,1,-341.7979%,31.16,-26.00,-0.944,292,0.0/100,بسیار ضعیف ★
206,Best_30m_PAXGUSDT_INV,aggregated,معکوس,1,-123.7243%,48.80,-10.00,-0.577,166,0.0/100,بسیار ضعیف ★
207,Best_30m_SOLUSDT_INV,aggregated,معکوس,1,-182.0911%,31.87,-28.00,-0.894,160,0.0/100,بسیار ضعیف ★
208,Best_30m_XRPUSDT_INV,aggregated,معکوس,1,-340.8080%,32.89,-24.00,-0.883,304,0.0/100,بسیار ضعیف ★
209,Best_30m_BTCUSDT_ETHUSDT_INV,aggregated,معکوس,1,-749.9224%,32.47,-26.00,-0.922,656,0.0/100,بسیار ضعیف ★
210,Best_30m_BTCUSDT_PAXGUSDT_INV,aggregated,معکوس,1,-531.8488%,38.30,-20.00,-0.791,530,0.0/100,بسیار ضعیف ★
211,Best_30m_BTCUSDT_SOLUSDT_INV,aggregated,معکوس,1,-590.2156%,33.02,-28.00,-0.901,524,0.0/100,بسیار ضعیف ★
212,Best_30m_BTCUSDT_XRPUSDT_INV,aggregated,معکوس,1,-748.9325%,33.23,-24.00,-0.895,668,0.0/100,بسیار ضعیف ★
213,Best_30m_ETHUSDT_PAXGUSDT_INV,aggregated,معکوس,1,-465.5222%,37.55,-26.00,-0.798,458,0.0/100,بسیار ضعیف ★
214,Best_30m_ETHUSDT_SOLUSDT_INV,aggregated,معکوس,1,-523.8890%,31.42,-28.00,-0.927,452,0.0/100,بسیار ضعیف ★
215,Best_30m_ETHUSDT_XRPUSDT_INV,aggregated,معکوس,1,-682.6059%,32.05,-26.00,-0.913,596,0.0/100,بسیار ضعیف ★
216,Best_30m_PAXGUSDT_SOLUSDT_INV,aggregated,معکوس,1,-305.8154%,40.49,-28.00,-0.724,326,0.0/100,بسیار ضعیف ★
217,Best_30m_PAXGUSDT_XRPUSDT_INV,aggregated,معکوس,1,-464.5323%,38.51,-24.00,-0.767,470,0.0/100,بسیار ضعیف ★
218,Best_30m_SOLUSDT_XRPUSDT_INV,aggregated,معکوس,1,-522.8991%,32.54,-28.00,-0.888,464,0.0/100,بسیار ضعیف ★
219,Best_30m_BTCUSDT_ETHUSDT_PAXGUSDT_INV,aggregated,معکوس,1,-873.6467%,35.77,-26.00,-0.843,822,0.0/100,بسیار ضعیف ★
220,Best_30m_BTCUSDT_ETHUSDT_SOLUSDT_INV,aggregated,معکوس,1,-932.0135%,32.35,-28.00,-0.917,816,0.0/100,بسیار ضعیف ★
221,Best_30m_BTCUSDT_ETHUSDT_XRPUSDT_INV,aggregated,معکوس,1,-1090.7304%,32.60,-26.00,-0.910,960,0.0/100,بسیار ضعیف ★
222,Best_30m_BTCUSDT_PAXGUSDT_SOLUSDT_INV,aggregated,معکوس,1,-713.9399%,36.81,-28.00,-0.815,690,0.0/100,بسیار ضعیف ★
223,Best_30m_BTCUSDT_PAXGUSDT_XRPUSDT_INV,aggregated,معکوس,1,-872.6568%,36.33,-24.00,-0.824,834,0.0/100,بسیار ضعیف ★
224,Best_30m_BTCUSDT_SOLUSDT_XRPUSDT_INV,aggregated,معکوس,1,-931.0236%,32.97,-28.00,-0.895,828,0.0/100,بسیار ضعیف ★
225,Best_30m_ETHUSDT_PAXGUSDT_SOLUSDT_INV,aggregated,معکوس,1,-647.6133%,36.08,-28.00,-0.822,618,0.0/100,بسیار ضعیف ★
226,Best_30m_ETHUSDT_PAXGUSDT_XRPUSDT_INV,aggregated,معکوس,1,-806.3302%,35.70,-26.00,-0.831,762,0.0/100,بسیار ضعیف ★
227,Best_30m_ETHUSDT_SOLUSDT_XRPUSDT_INV,aggregated,معکوس,1,-864.6970%,32.01,-28.00,-0.909,756,0.0/100,بسیار ضعیف ★
228,Best_30m_PAXGUSDT_SOLUSDT_XRPUSDT_INV,aggregated,معکوس,1,-646.6234%,36.83,-28.00,-0.798,630,0.0/100,بسیار ضعیف ★
229,Best_30m_BTCUSDT_ETHUSDT_PAXGUSDT_SOLUSDT_INV,aggregated,معکوس,1,-1055.7378%,35.13,-28.00,-0.852,982,0.0/100,بسیار ضعیف ★
230,Best_30m_BTCUSDT_ETHUSDT_PAXGUSDT_XRPUSDT_INV,aggregated,معکوس,1,-1214.4547%,34.99,-26.00,-0.854,1126,0.0/100,بسیار ضعیف ★
231,Best_30m_BTCUSDT_ETHUSDT_SOLUSDT_XRPUSDT_INV,aggregated,معکوس,1,-1272.8215%,32.50,-28.00,-0.908,1120,0.0/100,بسیار ضعیف ★
232,Best_30m_BTCUSDT_PAXGUSDT_SOLUSDT_XRPUSDT_INV,aggregated,معکوس,1,-1054.7479%,35.61,-28.00,-0.836,994,0.0/100,بسیار ضعیف ★
233,Best_30m_ETHUSDT_PAXGUSDT_SOLUSDT_XRPUSDT_INV,aggregated,معکوس,1,-988.4213%,35.03,-28.00,-0.842,922,0.0/100,بسیار ضعیف ★
234,Best_30m_BTCUSDT_ETHUSDT_PAXGUSDT_SOLUSDT_XRPUSDT_INV,aggregated,معکوس,1,-1396.5458%,34.60,-28.00,-0.860,1286,0.0/100,بسیار ضعیف ★
235,Best_5m_BTCUSDT_INV,aggregated,معکوس,1,-7256.4160%,33.03,-40.00,-0.936,6351,0.0/100,بسیار ضعیف ★
236,Best_5m_ETHUSDT_INV,aggregated,معکوس,1,-7512.9229%,31.02,-40.00,-0.993,6293,0.0/100,بسیار ضعیف ★
237,Best_5m_PAXGUSDT_INV,aggregated,معکوس,1,-1288.4206%,43.00,-22.00,-0.693,1451,0.0/100,بسیار ضعیف ★
238,Best_5m_SOLUSDT_INV,aggregated,معکوس,1,-3557.0070%,29.36,-44.00,-1.043,2878,0.0/100,بسیار ضعیف ★
239,Best_5m_XRPUSDT_INV,aggregated,معکوس,1,-5494.7197%,32.44,-38.00,-0.949,4753,0.0/100,بسیار ضعیف ★
240,Best_5m_BTCUSDT_ETHUSDT_INV,aggregated,معکوس,1,-14769.3389%,32.03,-40.00,-0.964,12644,0.0/100,بسیار ضعیف ★
241,Best_5m_BTCUSDT_PAXGUSDT_INV,aggregated,معکوس,1,-8544.8366%,34.89,-40.00,-0.886,7802,0.0/100,بسیار ضعیف ★
242,Best_5m_BTCUSDT_SOLUSDT_INV,aggregated,معکوس,1,-10813.4230%,31.89,-44.00,-0.968,9229,0.0/100,بسیار ضعیف ★
243,Best_5m_BTCUSDT_XRPUSDT_INV,aggregated,معکوس,1,-12751.1357%,32.78,-40.00,-0.941,11104,0.0/100,بسیار ضعیف ★
244,Best_5m_ETHUSDT_PAXGUSDT_INV,aggregated,معکوس,1,-8801.3435%,33.26,-40.00,-0.929,7744,0.0/100,بسیار ضعیف ★
245,Best_5m_ETHUSDT_SOLUSDT_INV,aggregated,معکوس,1,-11069.9299%,30.50,-44.00,-1.008,9171,0.0/100,بسیار ضعیف ★
246,Best_5m_ETHUSDT_XRPUSDT_INV,aggregated,معکوس,1,-13007.6426%,31.63,-40.00,-0.974,11046,0.0/100,بسیار ضعیف ★
247,Best_5m_PAXGUSDT_SOLUSDT_INV,aggregated,معکوس,1,-4845.4276%,33.93,-44.00,-0.910,4329,0.0/100,بسیار ضعیف ★
248,Best_5m_PAXGUSDT_XRPUSDT_INV,aggregated,معکوس,1,-6783.1403%,34.91,-38.00,-0.883,6204,0.0/100,بسیار ضعیف ★
249,Best_5m_SOLUSDT_XRPUSDT_INV,aggregated,معکوس,1,-9051.7267%,31.28,-44.00,-0.983,7631,0.0/100,بسیار ضعیف ★
250,Best_5m_BTCUSDT_ETHUSDT_PAXGUSDT_INV,aggregated,معکوس,1,-16057.7595%,33.16,-40.00,-0.932,14095,0.0/100,بسیار ضعیف ★
251,Best_5m_BTCUSDT_ETHUSDT_SOLUSDT_INV,aggregated,معکوس,1,-18326.3459%,31.54,-44.00,-0.978,15522,0.0/100,بسیار ضعیف ★
252,Best_5m_BTCUSDT_ETHUSDT_XRPUSDT_INV,aggregated,معکوس,1,-20264.0586%,32.14,-40.00,-0.960,17397,0.0/100,بسیار ضعیف ★
253,Best_5m_BTCUSDT_PAXGUSDT_SOLUSDT_INV,aggregated,معکوس,1,-12101.8436%,33.40,-44.00,-0.925,10680,0.0/100,بسیار ضعیف ★
254,Best_5m_BTCUSDT_PAXGUSDT_XRPUSDT_INV,aggregated,معکوس,1,-14039.5563%,33.96,-40.00,-0.909,12555,0.0/100,بسیار ضعیف ★
255,Best_5m_BTCUSDT_SOLUSDT_XRPUSDT_INV,aggregated,معکوس,1,-16308.1427%,32.08,-44.00,-0.961,13982,0.0/100,بسیار ضعیف ★
256,Best_5m_ETHUSDT_PAXGUSDT_SOLUSDT_INV,aggregated,معکوس,1,-12358.3505%,32.21,-44.00,-0.958,10622,0.0/100,بسیار ضعیف ★
257,Best_5m_ETHUSDT_PAXGUSDT_XRPUSDT_INV,aggregated,معکوس,1,-14296.0632%,32.95,-40.00,-0.937,12497,0.0/100,بسیار ضعیف ★
258,Best_5m_ETHUSDT_SOLUSDT_XRPUSDT_INV,aggregated,معکوس,1,-16564.6496%,31.16,-44.00,-0.988,13924,0.0/100,بسیار ضعیف ★
259,Best_5m_PAXGUSDT_SOLUSDT_XRPUSDT_INV,aggregated,معکوس,1,-10340.1473%,33.15,-44.00,-0.930,9082,0.0/100,بسیار ضعیف ★
260,Best_5m_BTCUSDT_ETHUSDT_PAXGUSDT_SOLUSDT_INV,aggregated,معکوس,1,-19614.7665%,32.52,-44.00,-0.950,16973,0.0/100,بسیار ضعیف ★
261,Best_5m_BTCUSDT_ETHUSDT_PAXGUSDT_XRPUSDT_INV,aggregated,معکوس,1,-21552.4792%,32.98,-40.00,-0.936,18848,0.0/100,بسیار ضعیف ★
262,Best_5m_BTCUSDT_ETHUSDT_SOLUSDT_XRPUSDT_INV,aggregated,معکوس,1,-23821.0656%,31.75,-44.00,-0.971,20275,0.0/100,بسیار ضعیف ★
263,Best_5m_BTCUSDT_PAXGUSDT_SOLUSDT_XRPUSDT_INV,aggregated,معکوس,1,-17596.5633%,33.10,-44.00,-0.933,15433,0.0/100,بسیار ضعیف ★
264,Best_5m_ETHUSDT_PAXGUSDT_SOLUSDT_XRPUSDT_INV,aggregated,معکوس,1,-17853.0702%,32.28,-44.00,-0.955,15375,0.0/100,بسیار ضعیف ★
265,Best_5m_BTCUSDT_ETHUSDT_PAXGUSDT_SOLUSDT_XRPUSDT_INV,aggregated,معکوس,1,-25109.4862%,32.50,-44.00,-0.950,21726,0.0/100,بسیار ضعیف ★
266,Dtsv_ETHUSDT,aggregated,اصلی,1,-1.8715%,44.44,-10.00,-0.447,9,0.0/100,بسیار ضعیف ★
267,Dtsv_XRPUSDT_INV,aggregated,معکوس,1,-11.3998%,14.29,-10.00,-1.657,7,0.0/100,بسیار ضعیف ★
268,Dtsv_BTCUSDT_ETHUSDT,aggregated,اصلی,1,-5.0079%,38.10,-10.00,-0.479,21,0.0/100,بسیار ضعیف ★
269,Dtsv_BTCUSDT_XRPUSDT_INV,aggregated,معکوس,1,-14.5982%,47.37,-10.00,-0.576,19,0.0/100,بسیار ضعیف ★
270,Dtsv_ETHUSDT_SOLUSDT,aggregated,اصلی,1,-2.1715%,45.45,-10.00,-0.426,11,0.0/100,بسیار ضعیف ★
271,Dtsv_ETHUSDT_XRPUSDT_INV,aggregated,معکوس,1,-16.3988%,37.50,-10.00,-0.788,16,0.0/100,بسیار ضعیف ★
272,Dtsv_SOLUSDT_XRPUSDT_INV,aggregated,معکوس,1,-12.7996%,22.22,-10.00,-1.240,9,0.0/100,بسیار ضعیف ★
273,Dtsv_BTCUSDT_ETHUSDT_SOLUSDT,aggregated,اصلی,1,-5.3079%,39.13,-10.00,-0.467,23,0.0/100,بسیار ضعیف ★
274,Dtsv_BTCUSDT_ETHUSDT_XRPUSDT,aggregated,اصلی,1,-0.9192%,50.00,-10.00,-0.044,28,0.0/100,بسیار ضعیف ★
275,Dtsv_BTCUSDT_ETHUSDT_XRPUSDT_INV,aggregated,معکوس,1,-19.5972%,50.00,-10.00,-0.529,28,0.0/100,بسیار ضعیف ★
276,Dtsv_BTCUSDT_SOLUSDT_XRPUSDT_INV,aggregated,معکوس,1,-15.9980%,47.62,-10.00,-0.572,21,0.0/100,بسیار ضعیف ★
277,Dtsv_ETHUSDT_SOLUSDT_XRPUSDT_INV,aggregated,معکوس,1,-17.7986%,38.89,-10.00,-0.758,18,0.0/100,بسیار ضعیف ★
278,Dtsv_BTCUSDT_ETHUSDT_SOLUSDT_XRPUSDT,aggregated,اصلی,1,-1.2192%,50.00,-10.00,-0.056,30,0.0/100,بسیار ضعیف ★
279,Dtsv_BTCUSDT_ETHUSDT_SOLUSDT_XRPUSDT_INV,aggregated,معکوس,1,-20.9970%,50.00,-10.00,-0.529,30,0.0/100,بسیار ضعیف ★
280,Ttt3_BTCUSDT,aggregated,اصلی,1,-404.2004%,46.72,-26.00,-0.082,7931,0.0/100,بسیار ضعیف ★
281,Ttt3_BTCUSDT_INV,aggregated,معکوس,1,-5100.3989%,53.23,-22.00,-0.506,7931,0.0/100,بسیار ضعیف ★
282,Ttt3_ETHUSDT,aggregated,اصلی,1,-204.8235%,47.56,-30.00,-0.040,7879,0.0/100,بسیار ضعیف ★
283,Ttt3_ETHUSDT_INV,aggregated,معکوس,1,-5228.2132%,52.43,-20.00,-0.521,7879,0.0/100,بسیار ضعیف ★
284,Ttt3_SOLUSDT,aggregated,اصلی,1,-144.0041%,45.69,-24.00,-0.054,4005,0.0/100,بسیار ضعیف ★
285,Ttt3_XRPUSDT,aggregated,اصلی,1,-303.6607%,45.91,-30.00,-0.075,6302,0.0/100,بسیار ضعیف ★
286,Ttt3_XRPUSDT_INV,aggregated,معکوس,1,-3917.5994%,54.05,-22.00,-0.489,6302,0.0/100,بسیار ضعیف ★
287,Ttt3_BTCUSDT_ETHUSDT,aggregated,اصلی,1,-609.0239%,47.13,-30.00,-0.061,15810,0.0/100,بسیار ضعیف ★
288,Ttt3_BTCUSDT_ETHUSDT_INV,aggregated,معکوس,1,-10328.6121%,52.83,-22.00,-0.514,15810,0.0/100,بسیار ضعیف ★
289,Ttt3_BTCUSDT_SOLUSDT,aggregated,اصلی,1,-548.2045%,46.37,-26.00,-0.072,11936,0.0/100,بسیار ضعیف ★
290,Ttt3_BTCUSDT_SOLUSDT_INV,aggregated,معکوس,1,-7567.2802%,53.59,-22.00,-0.499,11936,0.0/100,بسیار ضعیف ★
291,Ttt3_BTCUSDT_XRPUSDT,aggregated,اصلی,1,-707.8610%,46.36,-30.00,-0.079,14233,0.0/100,بسیار ضعیف ★
292,Ttt3_BTCUSDT_XRPUSDT_INV,aggregated,معکوس,1,-9017.9983%,53.59,-22.00,-0.499,14233,0.0/100,بسیار ضعیف ★
293,Ttt3_ETHUSDT_SOLUSDT,aggregated,اصلی,1,-348.8276%,46.93,-30.00,-0.045,11884,0.0/100,بسیار ضعیف ★
294,Ttt3_ETHUSDT_SOLUSDT_INV,aggregated,معکوس,1,-7695.0945%,53.06,-20.00,-0.509,11884,0.0/100,بسیار ضعیف ★
295,Ttt3_ETHUSDT_XRPUSDT,aggregated,اصلی,1,-508.4842%,46.82,-30.00,-0.055,14181,0.0/100,بسیار ضعیف ★
296,Ttt3_ETHUSDT_XRPUSDT_INV,aggregated,معکوس,1,-9145.8126%,53.15,-22.00,-0.507,14181,0.0/100,بسیار ضعیف ★
297,Ttt3_SOLUSDT_XRPUSDT,aggregated,اصلی,1,-447.6648%,45.82,-30.00,-0.067,10307,0.0/100,بسیار ضعیف ★
298,Ttt3_SOLUSDT_XRPUSDT_INV,aggregated,معکوس,1,-6384.4807%,54.15,-22.00,-0.488,10307,0.0/100,بسیار ضعیف ★
299,Ttt3_BTCUSDT_ETHUSDT_SOLUSDT,aggregated,اصلی,1,-753.0280%,46.84,-30.00,-0.059,19815,0.0/100,بسیار ضعیف ★
300,Ttt3_BTCUSDT_ETHUSDT_SOLUSDT_INV,aggregated,معکوس,1,-12795.4934%,53.13,-22.00,-0.508,19815,0.0/100,بسیار ضعیف ★
301,Ttt3_BTCUSDT_ETHUSDT_XRPUSDT,aggregated,اصلی,1,-912.6845%,46.78,-30.00,-0.065,22112,0.0/100,بسیار ضعیف ★
302,Ttt3_BTCUSDT_ETHUSDT_XRPUSDT_INV,aggregated,معکوس,1,-14246.2115%,53.18,-22.00,-0.507,22112,0.0/100,بسیار ضعیف ★
303,Ttt3_BTCUSDT_SOLUSDT_XRPUSDT,aggregated,اصلی,1,-851.8651%,46.21,-30.00,-0.073,18238,0.0/100,بسیار ضعیف ★
304,Ttt3_BTCUSDT_SOLUSDT_XRPUSDT_INV,aggregated,معکوس,1,-11484.8796%,53.75,-22.00,-0.496,18238,0.0/100,بسیار ضعیف ★
305,Ttt3_ETHUSDT_SOLUSDT_XRPUSDT,aggregated,اصلی,1,-652.4883%,46.57,-30.00,-0.055,18186,0.0/100,بسیار ضعیف ★
306,Ttt3_ETHUSDT_SOLUSDT_XRPUSDT_INV,aggregated,معکوس,1,-11612.6939%,53.40,-22.00,-0.502,18186,0.0/100,بسیار ضعیف ★
307,Ttt3_BTCUSDT_ETHUSDT_SOLUSDT_XRPUSDT,aggregated,اصلی,1,-1056.6886%,46.62,-30.00,-0.063,26117,0.0/100,بسیار ضعیف ★
308,Ttt3_BTCUSDT_ETHUSDT_SOLUSDT_XRPUSDT_INV,aggregated,معکوس,1,-16713.0928%,53.35,-22.00,-0.503,26117,0.0/100,بسیار ضعیف ★
