رتبه,پوشه,گروه,نوع,تعداد نمادها,بازده ویژه(%),وین‌ریت(%),حداکثر ضرر متوالی(%),شارپ,کل معاملات,امتیاز,وضعیت
1,Dtsv_XRPUSDT,aggregated,اصلی,1,4.0887%,85.71,-2.00,0.575,7,100.0/100,عالی ★★★★★
2,Dtsv_SOLUSDT_XRPUSDT,aggregated,اصلی,1,3.7887%,77.78,-2.00,0.436,9,100.0/100,عالی ★★★★★
3,Dtsv_ETHUSDT_XRPUSDT,aggregated,اصلی,1,2.2173%,62.50,-10.00,0.166,16,70.0/100,خوب ★★★★
4,Dtsv_ETHUSDT_SOLUSDT_XRPUSDT,aggregated,اصلی,1,1.9172%,61.11,-10.00,0.133,18,70.0/100,خوب ★★★★
5,Dtsv_BTCUSDT_XRPUSDT,aggregated,اصلی,1,0.9523%,52.63,-6.00,0.060,19,54.0/100,متوسط ★★★
6,Dtsv_BTCUSDT_SOLUSDT_XRPUSDT,aggregated,اصلی,1,0.6522%,52.38,-6.00,0.038,21,54.0/100,متوسط ★★★
7,Dtsv_BTCUSDT_INV,aggregated,معکوس,1,-3.1984%,66.67,-4.00,-0.208,12,30.0/100,ضعیف ★★
8,Dtsv_SOLUSDT,aggregated,اصلی,1,-0.3000%,50.00,-2.00,-0.236,2,30.0/100,ضعیف ★★
9,Dtsv_SOLUSDT_INV,aggregated,معکوس,1,-1.3998%,50.00,-2.00,-0.381,2,30.0/100,ضعیف ★★
10,Dtsv_BTCUSDT_SOLUSDT_INV,aggregated,معکوس,1,-4.5982%,64.29,-4.00,-0.254,14,30.0/100,ضعیف ★★
11,Dtsv_BTCUSDT,aggregated,اصلی,1,-3.1364%,33.33,-6.00,-0.484,12,24.0/100,ضعیف ★★
12,Dtsv_BTCUSDT_SOLUSDT,aggregated,اصلی,1,-3.4365%,35.71,-6.00,-0.464,14,24.0/100,ضعیف ★★
13,Dtsv_ETHUSDT_INV,aggregated,معکوس,1,-4.9990%,55.56,-8.00,-0.405,9,12.0/100,بسیار ضعیف ★
14,Dtsv_BTCUSDT_ETHUSDT_INV,aggregated,معکوس,1,-8.1974%,61.90,-8.00,-0.302,21,12.0/100,بسیار ضعیف ★
15,Dtsv_ETHUSDT_SOLUSDT_INV,aggregated,معکوس,1,-6.3988%,54.55,-8.00,-0.428,11,12.0/100,بسیار ضعیف ★
16,Dtsv_BTCUSDT_ETHUSDT_SOLUSDT_INV,aggregated,معکوس,1,-9.5972%,60.87,-8.00,-0.322,23,12.0/100,بسیار ضعیف ★
17,Ttt3_SOLUSDT_INV,aggregated,معکوس,1,-2466.8813%,54.31,-18.00,-0.485,4005,2.0/100,بسیار ضعیف ★
18,Dtsv_ETHUSDT,aggregated,اصلی,1,-1.8715%,44.44,-10.00,-0.447,9,0.0/100,بسیار ضعیف ★
19,Dtsv_XRPUSDT_INV,aggregated,معکوس,1,-11.3998%,14.29,-10.00,-1.657,7,0.0/100,بسیار ضعیف ★
20,Dtsv_BTCUSDT_ETHUSDT,aggregated,اصلی,1,-5.0079%,38.10,-10.00,-0.479,21,0.0/100,بسیار ضعیف ★
21,Dtsv_BTCUSDT_XRPUSDT_INV,aggregated,معکوس,1,-14.5982%,47.37,-10.00,-0.576,19,0.0/100,بسیار ضعیف ★
22,Dtsv_ETHUSDT_SOLUSDT,aggregated,اصلی,1,-2.1715%,45.45,-10.00,-0.426,11,0.0/100,بسیار ضعیف ★
23,Dtsv_ETHUSDT_XRPUSDT_INV,aggregated,معکوس,1,-16.3988%,37.50,-10.00,-0.788,16,0.0/100,بسیار ضعیف ★
24,Dtsv_SOLUSDT_XRPUSDT_INV,aggregated,معکوس,1,-12.7996%,22.22,-10.00,-1.240,9,0.0/100,بسیار ضعیف ★
25,Dtsv_BTCUSDT_ETHUSDT_SOLUSDT,aggregated,اصلی,1,-5.3079%,39.13,-10.00,-0.467,23,0.0/100,بسیار ضعیف ★
26,Dtsv_BTCUSDT_ETHUSDT_XRPUSDT,aggregated,اصلی,1,-0.9192%,50.00,-10.00,-0.044,28,0.0/100,بسیار ضعیف ★
27,Dtsv_BTCUSDT_ETHUSDT_XRPUSDT_INV,aggregated,معکوس,1,-19.5972%,50.00,-10.00,-0.529,28,0.0/100,بسیار ضعیف ★
28,Dtsv_BTCUSDT_SOLUSDT_XRPUSDT_INV,aggregated,معکوس,1,-15.9980%,47.62,-10.00,-0.572,21,0.0/100,بسیار ضعیف ★
29,Dtsv_ETHUSDT_SOLUSDT_XRPUSDT_INV,aggregated,معکوس,1,-17.7986%,38.89,-10.00,-0.758,18,0.0/100,بسیار ضعیف ★
30,Dtsv_BTCUSDT_ETHUSDT_SOLUSDT_XRPUSDT,aggregated,اصلی,1,-1.2192%,50.00,-10.00,-0.056,30,0.0/100,بسیار ضعیف ★
31,Dtsv_BTCUSDT_ETHUSDT_SOLUSDT_XRPUSDT_INV,aggregated,معکوس,1,-20.9970%,50.00,-10.00,-0.529,30,0.0/100,بسیار ضعیف ★
32,Ttt3_BTCUSDT,aggregated,اصلی,1,-404.2004%,46.72,-26.00,-0.082,7931,0.0/100,بسیار ضعیف ★
33,Ttt3_BTCUSDT_INV,aggregated,معکوس,1,-5100.3989%,53.23,-22.00,-0.506,7931,0.0/100,بسیار ضعیف ★
34,Ttt3_ETHUSDT,aggregated,اصلی,1,-204.8235%,47.56,-30.00,-0.040,7879,0.0/100,بسیار ضعیف ★
35,Ttt3_ETHUSDT_INV,aggregated,معکوس,1,-5228.2132%,52.43,-20.00,-0.521,7879,0.0/100,بسیار ضعیف ★
36,Ttt3_SOLUSDT,aggregated,اصلی,1,-144.0041%,45.69,-24.00,-0.054,4005,0.0/100,بسیار ضعیف ★
37,Ttt3_XRPUSDT,aggregated,اصلی,1,-303.6607%,45.91,-30.00,-0.075,6302,0.0/100,بسیار ضعیف ★
38,Ttt3_XRPUSDT_INV,aggregated,معکوس,1,-3917.5994%,54.05,-22.00,-0.489,6302,0.0/100,بسیار ضعیف ★
39,Ttt3_BTCUSDT_ETHUSDT,aggregated,اصلی,1,-609.0239%,47.13,-30.00,-0.061,15810,0.0/100,بسیار ضعیف ★
40,Ttt3_BTCUSDT_ETHUSDT_INV,aggregated,معکوس,1,-10328.6121%,52.83,-22.00,-0.514,15810,0.0/100,بسیار ضعیف ★
41,Ttt3_BTCUSDT_SOLUSDT,aggregated,اصلی,1,-548.2045%,46.37,-26.00,-0.072,11936,0.0/100,بسیار ضعیف ★
42,Ttt3_BTCUSDT_SOLUSDT_INV,aggregated,معکوس,1,-7567.2802%,53.59,-22.00,-0.499,11936,0.0/100,بسیار ضعیف ★
43,Ttt3_BTCUSDT_XRPUSDT,aggregated,اصلی,1,-707.8610%,46.36,-30.00,-0.079,14233,0.0/100,بسیار ضعیف ★
44,Ttt3_BTCUSDT_XRPUSDT_INV,aggregated,معکوس,1,-9017.9983%,53.59,-22.00,-0.499,14233,0.0/100,بسیار ضعیف ★
45,Ttt3_ETHUSDT_SOLUSDT,aggregated,اصلی,1,-348.8276%,46.93,-30.00,-0.045,11884,0.0/100,بسیار ضعیف ★
46,Ttt3_ETHUSDT_SOLUSDT_INV,aggregated,معکوس,1,-7695.0945%,53.06,-20.00,-0.509,11884,0.0/100,بسیار ضعیف ★
47,Ttt3_ETHUSDT_XRPUSDT,aggregated,اصلی,1,-508.4842%,46.82,-30.00,-0.055,14181,0.0/100,بسیار ضعیف ★
48,Ttt3_ETHUSDT_XRPUSDT_INV,aggregated,معکوس,1,-9145.8126%,53.15,-22.00,-0.507,14181,0.0/100,بسیار ضعیف ★
49,Ttt3_SOLUSDT_XRPUSDT,aggregated,اصلی,1,-447.6648%,45.82,-30.00,-0.067,10307,0.0/100,بسیار ضعیف ★
50,Ttt3_SOLUSDT_XRPUSDT_INV,aggregated,معکوس,1,-6384.4807%,54.15,-22.00,-0.488,10307,0.0/100,بسیار ضعیف ★
51,Ttt3_BTCUSDT_ETHUSDT_SOLUSDT,aggregated,اصلی,1,-753.0280%,46.84,-30.00,-0.059,19815,0.0/100,بسیار ضعیف ★
52,Ttt3_BTCUSDT_ETHUSDT_SOLUSDT_INV,aggregated,معکوس,1,-12795.4934%,53.13,-22.00,-0.508,19815,0.0/100,بسیار ضعیف ★
53,Ttt3_BTCUSDT_ETHUSDT_XRPUSDT,aggregated,اصلی,1,-912.6845%,46.78,-30.00,-0.065,22112,0.0/100,بسیار ضعیف ★
54,Ttt3_BTCUSDT_ETHUSDT_XRPUSDT_INV,aggregated,معکوس,1,-14246.2115%,53.18,-22.00,-0.507,22112,0.0/100,بسیار ضعیف ★
55,Ttt3_BTCUSDT_SOLUSDT_XRPUSDT,aggregated,اصلی,1,-851.8651%,46.21,-30.00,-0.073,18238,0.0/100,بسیار ضعیف ★
56,Ttt3_BTCUSDT_SOLUSDT_XRPUSDT_INV,aggregated,معکوس,1,-11484.8796%,53.75,-22.00,-0.496,18238,0.0/100,بسیار ضعیف ★
57,Ttt3_ETHUSDT_SOLUSDT_XRPUSDT,aggregated,اصلی,1,-652.4883%,46.57,-30.00,-0.055,18186,0.0/100,بسیار ضعیف ★
58,Ttt3_ETHUSDT_SOLUSDT_XRPUSDT_INV,aggregated,معکوس,1,-11612.6939%,53.40,-22.00,-0.502,18186,0.0/100,بسیار ضعیف ★
59,Ttt3_BTCUSDT_ETHUSDT_SOLUSDT_XRPUSDT,aggregated,اصلی,1,-1056.6886%,46.62,-30.00,-0.063,26117,0.0/100,بسیار ضعیف ★
60,Ttt3_BTCUSDT_ETHUSDT_SOLUSDT_XRPUSDT_INV,aggregated,معکوس,1,-16713.0928%,53.35,-22.00,-0.503,26117,0.0/100,بسیار ضعیف ★
