گروه,پوشه,symbol,معاملات,سودده,زیانده,وین‌ریت(%),حداکثر ضرر متوالی(%),تعداد ضررهای متوالی,افت سرمایه(%),P/L ratio,شارپ,بازده واقعی(%),بازده ویژه(%),نوع
aggregated,Best_15m_BTCUSDT,BTCUSDT,1047,709,338,67.72,-12.00,6,-5.03,1.318,0.392,362.3010,362.3010,اصلی
aggregated,Best_15m_BTCUSDT_INV,BTCUSDT,1047,338,709,32.28,-44.00,22,-1213.82,0.304,-0.949,-1212.6216,-1212.6216,معکوس
aggregated,Best_15m_ETHUSDT,ETHUSDT,927,617,310,66.56,-10.00,5,-6.24,1.380,0.387,335.8740,335.8740,اصلی
aggregated,Best_15m_ETHUSDT_INV,ETHUSDT,927,310,617,33.44,-38.00,19,-1042.20,0.310,-0.907,-1041.5992,-1041.5992,معکوس
aggregated,Best_15m_PAXGUSDT,PAXGUSDT,424,224,200,52.83,-20.00,10,-38.06,0.604,-0.174,-36.5455,-36.5455,اصلی
aggregated,Best_15m_PAXGUSDT_INV,PAXGUSDT,424,200,224,47.17,-20.00,10,-335.90,0.282,-0.615,-335.1733,-335.1733,معکوس
aggregated,Best_15m_SOLUSDT,SOLUSDT,497,325,172,65.39,-12.00,6,-3.84,1.734,0.350,265.0312,265.0312,اصلی
aggregated,Best_15m_SOLUSDT_INV,SOLUSDT,497,172,325,34.61,-28.00,14,-534.15,0.339,-0.833,-533.5494,-533.5494,معکوس
aggregated,Best_15m_XRPUSDT,XRPUSDT,875,598,277,68.34,-8.00,4,-5.58,1.560,0.387,421.3134,421.3134,اصلی
aggregated,Best_15m_XRPUSDT_INV,XRPUSDT,875,277,598,31.66,-28.00,14,-1018.62,0.321,-0.941,-1018.0216,-1018.0216,معکوس
aggregated,Best_15m_BTCUSDT_ETHUSDT,BTCUSDT_ETHUSDT,1974,1326,648,67.17,-12.00,6,-6.24,1.346,0.390,698.1750,698.1750,اصلی
aggregated,Best_15m_BTCUSDT_ETHUSDT_INV,BTCUSDT_ETHUSDT,1974,648,1326,32.83,-44.00,22,-2254.82,0.307,-0.929,-2254.2208,-2254.2208,معکوس
aggregated,Best_15m_BTCUSDT_PAXGUSDT,BTCUSDT_PAXGUSDT,1471,933,538,63.43,-20.00,10,-39.23,1.167,0.272,325.7555,325.7555,اصلی
aggregated,Best_15m_BTCUSDT_PAXGUSDT_INV,BTCUSDT_PAXGUSDT,1471,538,933,36.57,-44.00,22,-1547.93,0.296,-0.842,-1547.7949,-1547.7949,معکوس
aggregated,Best_15m_BTCUSDT_SOLUSDT,BTCUSDT_SOLUSDT,1544,1034,510,66.97,-12.00,6,-5.03,1.455,0.359,627.3322,627.3322,اصلی
aggregated,Best_15m_BTCUSDT_SOLUSDT_INV,BTCUSDT_SOLUSDT,1544,510,1034,33.03,-44.00,22,-1746.77,0.316,-0.910,-1746.1710,-1746.1710,معکوس
aggregated,Best_15m_BTCUSDT_XRPUSDT,BTCUSDT_XRPUSDT,1922,1307,615,68.00,-12.00,6,-5.58,1.432,0.383,783.6144,783.6144,اصلی
aggregated,Best_15m_BTCUSDT_XRPUSDT_INV,BTCUSDT_XRPUSDT,1922,615,1307,32.00,-44.00,22,-2230.65,0.312,-0.945,-2230.6432,-2230.6432,معکوس
aggregated,Best_15m_ETHUSDT_PAXGUSDT,ETHUSDT_PAXGUSDT,1351,841,510,62.25,-20.00,10,-40.24,1.201,0.261,299.3285,299.3285,اصلی
aggregated,Best_15m_ETHUSDT_PAXGUSDT_INV,ETHUSDT_PAXGUSDT,1351,510,841,37.75,-38.00,19,-1376.90,0.299,-0.808,-1376.7725,-1376.7725,معکوس
aggregated,Best_15m_ETHUSDT_SOLUSDT,ETHUSDT_SOLUSDT,1424,942,482,66.15,-12.00,6,-6.24,1.507,0.358,600.9052,600.9052,اصلی
aggregated,Best_15m_ETHUSDT_SOLUSDT_INV,ETHUSDT_SOLUSDT,1424,482,942,33.85,-38.00,19,-1575.75,0.320,-0.881,-1575.1486,-1575.1486,معکوس
aggregated,Best_15m_ETHUSDT_XRPUSDT,ETHUSDT_XRPUSDT,1802,1215,587,67.43,-10.00,5,-6.24,1.471,0.383,757.1874,757.1874,اصلی
aggregated,Best_15m_ETHUSDT_XRPUSDT_INV,ETHUSDT_XRPUSDT,1802,587,1215,32.57,-38.00,19,-2059.62,0.315,-0.924,-2059.6208,-2059.6208,معکوس
aggregated,Best_15m_PAXGUSDT_SOLUSDT,PAXGUSDT_SOLUSDT,921,549,372,59.61,-20.00,10,-38.06,1.353,0.205,228.4857,228.4857,اصلی
aggregated,Best_15m_PAXGUSDT_SOLUSDT_INV,PAXGUSDT_SOLUSDT,921,372,549,40.39,-28.00,14,-869.92,0.308,-0.729,-868.7227,-868.7227,معکوس
aggregated,Best_15m_PAXGUSDT_XRPUSDT,PAXGUSDT_XRPUSDT,1299,822,477,63.28,-20.00,10,-38.06,1.348,0.271,384.7679,384.7679,اصلی
aggregated,Best_15m_PAXGUSDT_XRPUSDT_INV,PAXGUSDT_XRPUSDT,1299,477,822,36.72,-28.00,14,-1353.80,0.305,-0.824,-1353.1949,-1353.1949,معکوس
aggregated,Best_15m_SOLUSDT_XRPUSDT,SOLUSDT_XRPUSDT,1372,923,449,67.27,-12.00,6,-5.58,1.620,0.370,686.3447,686.3447,اصلی
aggregated,Best_15m_SOLUSDT_XRPUSDT_INV,SOLUSDT_XRPUSDT,1372,449,923,32.73,-28.00,14,-1551.57,0.328,-0.900,-1551.5710,-1551.5710,معکوس
aggregated,Best_15m_BTCUSDT_ETHUSDT_PAXGUSDT,BTCUSDT_ETHUSDT_PAXGUSDT,2398,1550,848,64.64,-20.00,10,-40.24,1.256,0.319,661.6295,661.6295,اصلی
aggregated,Best_15m_BTCUSDT_ETHUSDT_PAXGUSDT_INV,BTCUSDT_ETHUSDT_PAXGUSDT,2398,848,1550,35.36,-44.00,22,-2589.53,0.301,-0.867,-2589.3941,-2589.3941,معکوس
aggregated,Best_15m_BTCUSDT_ETHUSDT_SOLUSDT,BTCUSDT_ETHUSDT_SOLUSDT,2471,1651,820,66.82,-12.00,6,-6.24,1.427,0.367,963.2062,963.2062,اصلی
aggregated,Best_15m_BTCUSDT_ETHUSDT_SOLUSDT_INV,BTCUSDT_ETHUSDT_SOLUSDT,2471,820,1651,33.18,-44.00,22,-2788.37,0.314,-0.909,-2787.7702,-2787.7702,معکوس
aggregated,Best_15m_BTCUSDT_ETHUSDT_XRPUSDT,BTCUSDT_ETHUSDT_XRPUSDT,2849,1924,925,67.53,-12.00,6,-6.24,1.416,0.384,1119.4884,1119.4884,اصلی
aggregated,Best_15m_BTCUSDT_ETHUSDT_XRPUSDT_INV,BTCUSDT_ETHUSDT_XRPUSDT,2849,925,1924,32.47,-44.00,22,-3272.25,0.311,-0.933,-3272.2424,-3272.2424,معکوس
aggregated,Best_15m_BTCUSDT_PAXGUSDT_SOLUSDT,BTCUSDT_PAXGUSDT_SOLUSDT,1968,1258,710,63.92,-20.00,10,-39.23,1.332,0.286,590.7867,590.7867,اصلی
aggregated,Best_15m_BTCUSDT_PAXGUSDT_SOLUSDT_INV,BTCUSDT_PAXGUSDT_SOLUSDT,1968,710,1258,36.08,-44.00,22,-2081.95,0.306,-0.840,-2081.3443,-2081.3443,معکوس
aggregated,Best_15m_BTCUSDT_PAXGUSDT_XRPUSDT,BTCUSDT_PAXGUSDT_XRPUSDT,2346,1531,815,65.26,-20.00,10,-39.23,1.334,0.317,747.0689,747.0689,اصلی
aggregated,Best_15m_BTCUSDT_PAXGUSDT_XRPUSDT_INV,BTCUSDT_PAXGUSDT_XRPUSDT,2346,815,1531,34.74,-44.00,22,-2565.82,0.304,-0.878,-2565.8165,-2565.8165,معکوس
aggregated,Best_15m_BTCUSDT_SOLUSDT_XRPUSDT,BTCUSDT_SOLUSDT_XRPUSDT,2419,1632,787,67.47,-12.00,6,-5.58,1.494,0.369,1048.6456,1048.6456,اصلی
aggregated,Best_15m_BTCUSDT_SOLUSDT_XRPUSDT_INV,BTCUSDT_SOLUSDT_XRPUSDT,2419,787,1632,32.53,-44.00,22,-2764.19,0.318,-0.921,-2764.1926,-2764.1926,معکوس
aggregated,Best_15m_ETHUSDT_PAXGUSDT_SOLUSDT,ETHUSDT_PAXGUSDT_SOLUSDT,1848,1166,682,63.10,-20.00,10,-40.24,1.368,0.282,564.3597,564.3597,اصلی
aggregated,Best_15m_ETHUSDT_PAXGUSDT_SOLUSDT_INV,ETHUSDT_PAXGUSDT_SOLUSDT,1848,682,1166,36.90,-38.00,19,-1910.92,0.309,-0.815,-1910.3219,-1910.3219,معکوس
aggregated,Best_15m_ETHUSDT_PAXGUSDT_XRPUSDT,ETHUSDT_PAXGUSDT_XRPUSDT,2226,1439,787,64.65,-20.00,10,-40.24,1.363,0.314,720.6419,720.6419,اصلی
aggregated,Best_15m_ETHUSDT_PAXGUSDT_XRPUSDT_INV,ETHUSDT_PAXGUSDT_XRPUSDT,2226,787,1439,35.35,-38.00,19,-2394.80,0.307,-0.858,-2394.7941,-2394.7941,معکوس
aggregated,Best_15m_ETHUSDT_SOLUSDT_XRPUSDT,ETHUSDT_SOLUSDT_XRPUSDT,2299,1540,759,66.99,-12.00,6,-6.24,1.528,0.370,1022.2186,1022.2186,اصلی
aggregated,Best_15m_ETHUSDT_SOLUSDT_XRPUSDT_INV,ETHUSDT_SOLUSDT_XRPUSDT,2299,759,1540,33.01,-38.00,19,-2593.17,0.321,-0.903,-2593.1702,-2593.1702,معکوس
aggregated,Best_15m_PAXGUSDT_SOLUSDT_XRPUSDT,PAXGUSDT_SOLUSDT_XRPUSDT,1796,1147,649,63.86,-20.00,10,-38.06,1.469,0.294,649.7992,649.7992,اصلی
aggregated,Best_15m_PAXGUSDT_SOLUSDT_XRPUSDT_INV,PAXGUSDT_SOLUSDT_XRPUSDT,1796,649,1147,36.14,-28.00,14,-1887.35,0.314,-0.827,-1886.7443,-1886.7443,معکوس
aggregated,Best_15m_BTCUSDT_ETHUSDT_PAXGUSDT_SOLUSDT,BTCUSDT_ETHUSDT_PAXGUSDT_SOLUSDT,2895,1875,1020,64.77,-20.00,10,-40.24,1.348,0.316,926.6607,926.6607,اصلی
aggregated,Best_15m_BTCUSDT_ETHUSDT_PAXGUSDT_SOLUSDT_INV,BTCUSDT_ETHUSDT_PAXGUSDT_SOLUSDT,2895,1020,1875,35.23,-44.00,22,-3123.55,0.307,-0.861,-3122.9435,-3122.9435,معکوس
aggregated,Best_15m_BTCUSDT_ETHUSDT_PAXGUSDT_XRPUSDT,BTCUSDT_ETHUSDT_PAXGUSDT_XRPUSDT,3273,2148,1125,65.63,-20.00,10,-40.24,1.347,0.336,1082.9429,1082.9429,اصلی
aggregated,Best_15m_BTCUSDT_ETHUSDT_PAXGUSDT_XRPUSDT_INV,BTCUSDT_ETHUSDT_PAXGUSDT_XRPUSDT,3273,1125,2148,34.37,-44.00,22,-3607.42,0.306,-0.886,-3607.4157,-3607.4157,معکوس
aggregated,Best_15m_BTCUSDT_ETHUSDT_SOLUSDT_XRPUSDT,BTCUSDT_ETHUSDT_SOLUSDT_XRPUSDT,3346,2249,1097,67.21,-12.00,6,-6.24,1.463,0.372,1384.5196,1384.5196,اصلی
aggregated,Best_15m_BTCUSDT_ETHUSDT_SOLUSDT_XRPUSDT_INV,BTCUSDT_ETHUSDT_SOLUSDT_XRPUSDT,3346,1097,2249,32.79,-44.00,22,-3805.80,0.315,-0.917,-3805.7918,-3805.7918,معکوس
aggregated,Best_15m_BTCUSDT_PAXGUSDT_SOLUSDT_XRPUSDT,BTCUSDT_PAXGUSDT_SOLUSDT_XRPUSDT,2843,1856,987,65.28,-20.00,10,-39.23,1.410,0.319,1012.1001,1012.1001,اصلی
aggregated,Best_15m_BTCUSDT_PAXGUSDT_SOLUSDT_XRPUSDT_INV,BTCUSDT_PAXGUSDT_SOLUSDT_XRPUSDT,2843,987,1856,34.72,-44.00,22,-3099.37,0.310,-0.870,-3099.3659,-3099.3659,معکوس
aggregated,Best_15m_ETHUSDT_PAXGUSDT_SOLUSDT_XRPUSDT,ETHUSDT_PAXGUSDT_SOLUSDT_XRPUSDT,2723,1764,959,64.78,-20.00,10,-40.24,1.437,0.318,985.6731,985.6731,اصلی
aggregated,Best_15m_ETHUSDT_PAXGUSDT_SOLUSDT_XRPUSDT_INV,ETHUSDT_PAXGUSDT_SOLUSDT_XRPUSDT,2723,959,1764,35.22,-38.00,19,-2928.35,0.313,-0.854,-2928.3435,-2928.3435,معکوس
aggregated,Best_15m_BTCUSDT_ETHUSDT_PAXGUSDT_SOLUSDT_XRPUSDT,BTCUSDT_ETHUSDT_PAXGUSDT_SOLUSDT_XRPUSDT,3770,2473,1297,65.60,-20.00,10,-40.24,1.403,0.333,1347.9741,1347.9741,اصلی
aggregated,Best_15m_BTCUSDT_ETHUSDT_PAXGUSDT_SOLUSDT_XRPUSDT_INV,BTCUSDT_ETHUSDT_PAXGUSDT_SOLUSDT_XRPUSDT,3770,1297,2473,34.40,-44.00,22,-4140.97,0.310,-0.879,-4140.9651,-4140.9651,معکوس
aggregated,Best_1h_BTCUSDT,BTCUSDT,158,92,66,58.23,-14.00,7,-6.67,1.573,0.295,56.0732,56.0732,اصلی
aggregated,Best_1h_BTCUSDT_INV,BTCUSDT,158,66,92,41.77,-16.00,8,-137.56,0.356,-0.626,-136.9641,-136.9641,معکوس
aggregated,Best_1h_ETHUSDT,ETHUSDT,89,54,35,60.67,-8.00,4,-7.52,1.631,0.355,54.8055,54.8055,اصلی
aggregated,Best_1h_ETHUSDT_INV,ETHUSDT,89,35,54,39.33,-20.00,10,-75.88,0.516,-0.495,-71.8492,-71.8492,معکوس
aggregated,Best_1h_PAXGUSDT,PAXGUSDT,61,30,31,49.18,-8.00,4,-9.59,0.725,-0.150,-5.7399,-5.7399,اصلی
aggregated,Best_1h_PAXGUSDT_INV,PAXGUSDT,61,31,30,50.82,-12.00,6,-40.79,0.310,-0.504,-40.7907,-40.7907,معکوس
aggregated,Best_1h_SOLUSDT,SOLUSDT,66,44,22,66.67,-8.00,4,-3.95,1.701,0.494,61.6849,61.6849,اصلی
aggregated,Best_1h_SOLUSDT_INV,SOLUSDT,66,22,44,33.33,-16.00,8,-63.79,0.584,-0.599,-62.3198,-62.3198,معکوس
aggregated,Best_1h_XRPUSDT,XRPUSDT,90,63,27,70.00,-6.00,3,-3.76,2.066,0.556,83.4589,83.4589,اصلی
aggregated,Best_1h_XRPUSDT_INV,XRPUSDT,90,27,63,30.00,-18.00,9,-104.68,0.405,-0.877,-104.1502,-104.1502,معکوس
aggregated,Best_1h_BTCUSDT_ETHUSDT,BTCUSDT_ETHUSDT,247,146,101,59.11,-14.00,7,-7.52,1.614,0.316,110.8788,110.8788,اصلی
aggregated,Best_1h_BTCUSDT_ETHUSDT_INV,BTCUSDT_ETHUSDT,247,101,146,40.89,-20.00,10,-210.02,0.412,-0.573,-208.8133,-208.8133,معکوس
aggregated,Best_1h_BTCUSDT_PAXGUSDT,BTCUSDT_PAXGUSDT,219,122,97,55.71,-14.00,7,-9.89,1.399,0.210,50.3333,50.3333,اصلی
aggregated,Best_1h_BTCUSDT_PAXGUSDT_INV,BTCUSDT_PAXGUSDT,219,97,122,44.29,-16.00,8,-177.76,0.341,-0.593,-177.7548,-177.7548,معکوس
aggregated,Best_1h_BTCUSDT_SOLUSDT,BTCUSDT_SOLUSDT,224,136,88,60.71,-14.00,7,-6.67,1.695,0.360,117.7581,117.7581,اصلی
aggregated,Best_1h_BTCUSDT_SOLUSDT_INV,BTCUSDT_SOLUSDT,224,88,136,39.29,-16.00,8,-200.76,0.413,-0.618,-199.2839,-199.2839,معکوس
aggregated,Best_1h_BTCUSDT_XRPUSDT,BTCUSDT_XRPUSDT,248,155,93,62.50,-14.00,7,-6.67,1.815,0.398,139.5321,139.5321,اصلی
aggregated,Best_1h_BTCUSDT_XRPUSDT_INV,BTCUSDT_XRPUSDT,248,93,155,37.50,-18.00,9,-241.65,0.370,-0.712,-241.1143,-241.1143,معکوس
aggregated,Best_1h_ETHUSDT_PAXGUSDT,ETHUSDT_PAXGUSDT,150,84,66,56.00,-8.00,4,-10.50,1.482,0.228,49.0656,49.0656,اصلی
aggregated,Best_1h_ETHUSDT_PAXGUSDT_INV,ETHUSDT_PAXGUSDT,150,66,84,44.00,-20.00,10,-115.46,0.419,-0.497,-112.6399,-112.6399,معکوس
aggregated,Best_1h_ETHUSDT_SOLUSDT,ETHUSDT_SOLUSDT,155,98,57,63.23,-8.00,4,-7.52,1.677,0.417,116.4905,116.4905,اصلی
aggregated,Best_1h_ETHUSDT_SOLUSDT_INV,ETHUSDT_SOLUSDT,155,57,98,36.77,-20.00,10,-138.46,0.542,-0.539,-134.1690,-134.1690,معکوس
aggregated,Best_1h_ETHUSDT_XRPUSDT,ETHUSDT_XRPUSDT,179,117,62,65.36,-8.00,4,-7.52,1.793,0.453,138.2645,138.2645,اصلی
aggregated,Best_1h_ETHUSDT_XRPUSDT_INV,ETHUSDT_XRPUSDT,179,62,117,34.64,-20.00,10,-179.35,0.468,-0.661,-175.9994,-175.9994,معکوس
aggregated,Best_1h_PAXGUSDT_SOLUSDT,PAXGUSDT_SOLUSDT,127,74,53,58.27,-8.00,4,-9.59,1.609,0.291,55.9450,55.9450,اصلی
aggregated,Best_1h_PAXGUSDT_SOLUSDT_INV,PAXGUSDT_SOLUSDT,127,53,74,41.73,-16.00,8,-104.58,0.423,-0.555,-103.1105,-103.1105,معکوس
aggregated,Best_1h_PAXGUSDT_XRPUSDT,PAXGUSDT_XRPUSDT,151,93,58,61.59,-8.00,4,-9.59,1.804,0.358,77.7190,77.7190,اصلی
aggregated,Best_1h_PAXGUSDT_XRPUSDT_INV,PAXGUSDT_XRPUSDT,151,58,93,38.41,-18.00,9,-145.47,0.354,-0.717,-144.9409,-144.9409,معکوس
aggregated,Best_1h_SOLUSDT_XRPUSDT,SOLUSDT_XRPUSDT,156,107,49,68.59,-8.00,4,-3.95,1.856,0.529,145.1438,145.1438,اصلی
aggregated,Best_1h_SOLUSDT_XRPUSDT_INV,SOLUSDT_XRPUSDT,156,49,107,31.41,-18.00,9,-167.00,0.485,-0.745,-166.4700,-166.4700,معکوس
aggregated,Best_1h_BTCUSDT_ETHUSDT_PAXGUSDT,BTCUSDT_ETHUSDT_PAXGUSDT,308,176,132,57.14,-14.00,7,-10.50,1.520,0.259,105.1388,105.1388,اصلی
aggregated,Best_1h_BTCUSDT_ETHUSDT_PAXGUSDT_INV,BTCUSDT_ETHUSDT_PAXGUSDT,308,132,176,42.86,-20.00,10,-249.60,0.388,-0.560,-249.6040,-249.6040,معکوس
aggregated,Best_1h_BTCUSDT_ETHUSDT_SOLUSDT,BTCUSDT_ETHUSDT_SOLUSDT,313,190,123,60.70,-14.00,7,-7.52,1.674,0.358,172.5637,172.5637,اصلی
aggregated,Best_1h_BTCUSDT_ETHUSDT_SOLUSDT_INV,BTCUSDT_ETHUSDT_SOLUSDT,313,123,190,39.30,-20.00,10,-272.60,0.443,-0.579,-271.1331,-271.1331,معکوس
aggregated,Best_1h_BTCUSDT_ETHUSDT_XRPUSDT,BTCUSDT_ETHUSDT_XRPUSDT,337,209,128,62.02,-14.00,7,-7.52,1.746,0.384,194.3377,194.3377,اصلی
aggregated,Best_1h_BTCUSDT_ETHUSDT_XRPUSDT_INV,BTCUSDT_ETHUSDT_XRPUSDT,337,128,209,37.98,-20.00,10,-313.50,0.410,-0.645,-312.9635,-312.9635,معکوس
aggregated,Best_1h_BTCUSDT_PAXGUSDT_SOLUSDT,BTCUSDT_PAXGUSDT_SOLUSDT,285,166,119,58.25,-14.00,7,-9.89,1.590,0.291,112.0182,112.0182,اصلی
aggregated,Best_1h_BTCUSDT_PAXGUSDT_SOLUSDT_INV,BTCUSDT_PAXGUSDT_SOLUSDT,285,119,166,41.75,-16.00,8,-241.55,0.386,-0.594,-240.0746,-240.0746,معکوس
aggregated,Best_1h_BTCUSDT_PAXGUSDT_XRPUSDT,BTCUSDT_PAXGUSDT_XRPUSDT,309,185,124,59.87,-14.00,7,-9.89,1.688,0.327,133.7922,133.7922,اصلی
aggregated,Best_1h_BTCUSDT_PAXGUSDT_XRPUSDT_INV,BTCUSDT_PAXGUSDT_XRPUSDT,309,124,185,40.13,-18.00,9,-282.44,0.355,-0.670,-281.9050,-281.9050,معکوس
aggregated,Best_1h_BTCUSDT_SOLUSDT_XRPUSDT,BTCUSDT_SOLUSDT_XRPUSDT,314,199,115,63.38,-14.00,7,-6.67,1.808,0.418,201.2171,201.2171,اصلی
aggregated,Best_1h_BTCUSDT_SOLUSDT_XRPUSDT_INV,BTCUSDT_SOLUSDT_XRPUSDT,314,115,199,36.62,-18.00,9,-303.97,0.411,-0.685,-303.4341,-303.4341,معکوس
aggregated,Best_1h_ETHUSDT_PAXGUSDT_SOLUSDT,ETHUSDT_PAXGUSDT_SOLUSDT,216,128,88,59.26,-8.00,4,-10.50,1.627,0.319,110.7505,110.7505,اصلی
aggregated,Best_1h_ETHUSDT_PAXGUSDT_SOLUSDT_INV,ETHUSDT_PAXGUSDT_SOLUSDT,216,88,128,40.74,-20.00,10,-179.25,0.460,-0.529,-174.9597,-174.9597,معکوس
aggregated,Best_1h_ETHUSDT_PAXGUSDT_XRPUSDT,ETHUSDT_PAXGUSDT_XRPUSDT,240,147,93,61.25,-8.00,4,-10.50,1.719,0.356,132.5245,132.5245,اصلی
aggregated,Best_1h_ETHUSDT_PAXGUSDT_XRPUSDT_INV,ETHUSDT_PAXGUSDT_XRPUSDT,240,93,147,38.75,-20.00,10,-220.15,0.415,-0.622,-216.7901,-216.7901,معکوس
aggregated,Best_1h_ETHUSDT_SOLUSDT_XRPUSDT,ETHUSDT_SOLUSDT_XRPUSDT,245,161,84,65.71,-8.00,4,-7.52,1.768,0.465,199.9494,199.9494,اصلی
aggregated,Best_1h_ETHUSDT_SOLUSDT_XRPUSDT_INV,ETHUSDT_SOLUSDT_XRPUSDT,245,84,161,34.29,-20.00,10,-241.67,0.498,-0.644,-238.3192,-238.3192,معکوس
aggregated,Best_1h_PAXGUSDT_SOLUSDT_XRPUSDT,PAXGUSDT_SOLUSDT_XRPUSDT,217,137,80,63.13,-8.00,4,-9.59,1.804,0.403,139.4039,139.4039,اصلی
aggregated,Best_1h_PAXGUSDT_SOLUSDT_XRPUSDT_INV,PAXGUSDT_SOLUSDT_XRPUSDT,217,80,137,36.87,-18.00,9,-207.79,0.417,-0.676,-207.2607,-207.2607,معکوس
aggregated,Best_1h_BTCUSDT_ETHUSDT_PAXGUSDT_SOLUSDT,BTCUSDT_ETHUSDT_PAXGUSDT_SOLUSDT,374,220,154,58.82,-14.00,7,-10.50,1.612,0.307,166.8237,166.8237,اصلی
aggregated,Best_1h_BTCUSDT_ETHUSDT_PAXGUSDT_SOLUSDT_INV,BTCUSDT_ETHUSDT_PAXGUSDT_SOLUSDT,374,154,220,41.18,-20.00,10,-313.40,0.416,-0.568,-311.9238,-311.9238,معکوس
aggregated,Best_1h_BTCUSDT_ETHUSDT_PAXGUSDT_XRPUSDT,BTCUSDT_ETHUSDT_PAXGUSDT_XRPUSDT,398,239,159,60.05,-14.00,7,-10.50,1.675,0.333,188.5977,188.5977,اصلی
aggregated,Best_1h_BTCUSDT_ETHUSDT_PAXGUSDT_XRPUSDT_INV,BTCUSDT_ETHUSDT_PAXGUSDT_XRPUSDT,398,159,239,39.95,-20.00,10,-354.29,0.391,-0.624,-353.7542,-353.7542,معکوس
aggregated,Best_1h_BTCUSDT_ETHUSDT_SOLUSDT_XRPUSDT,BTCUSDT_ETHUSDT_SOLUSDT_XRPUSDT,403,253,150,62.78,-14.00,7,-7.52,1.754,0.403,256.0226,256.0226,اصلی
aggregated,Best_1h_BTCUSDT_ETHUSDT_SOLUSDT_XRPUSDT_INV,BTCUSDT_ETHUSDT_SOLUSDT_XRPUSDT,403,150,253,37.22,-20.00,10,-375.82,0.436,-0.637,-375.2833,-375.2833,معکوس
aggregated,Best_1h_BTCUSDT_PAXGUSDT_SOLUSDT_XRPUSDT,BTCUSDT_PAXGUSDT_SOLUSDT_XRPUSDT,375,229,146,61.07,-14.00,7,-9.89,1.733,0.360,195.4771,195.4771,اصلی
aggregated,Best_1h_BTCUSDT_PAXGUSDT_SOLUSDT_XRPUSDT_INV,BTCUSDT_PAXGUSDT_SOLUSDT_XRPUSDT,375,146,229,38.93,-18.00,9,-344.76,0.390,-0.656,-344.2248,-344.2248,معکوس
aggregated,Best_1h_ETHUSDT_PAXGUSDT_SOLUSDT_XRPUSDT,ETHUSDT_PAXGUSDT_SOLUSDT_XRPUSDT,306,191,115,62.42,-8.00,4,-10.50,1.739,0.388,194.2094,194.2094,اصلی
aggregated,Best_1h_ETHUSDT_PAXGUSDT_SOLUSDT_XRPUSDT_INV,ETHUSDT_PAXGUSDT_SOLUSDT_XRPUSDT,306,115,191,37.58,-20.00,10,-282.46,0.447,-0.617,-279.1099,-279.1099,معکوس
aggregated,Best_1h_BTCUSDT_ETHUSDT_PAXGUSDT_SOLUSDT_XRPUSDT,BTCUSDT_ETHUSDT_PAXGUSDT_SOLUSDT_XRPUSDT,464,283,181,60.99,-14.00,7,-10.50,1.707,0.358,250.2827,250.2827,اصلی
aggregated,Best_1h_BTCUSDT_ETHUSDT_PAXGUSDT_SOLUSDT_XRPUSDT_INV,BTCUSDT_ETHUSDT_PAXGUSDT_SOLUSDT_XRPUSDT,464,181,283,39.01,-20.00,10,-416.61,0.414,-0.620,-416.0740,-416.0740,معکوس
aggregated,Best_30m_BTCUSDT,BTCUSDT,364,242,122,66.48,-8.00,4,-3.33,1.518,0.401,152.6603,152.6603,اصلی
aggregated,Best_30m_BTCUSDT_INV,BTCUSDT,364,122,242,33.52,-20.00,10,-408.72,0.311,-0.903,-408.1245,-408.1245,معکوس
aggregated,Best_30m_ETHUSDT,ETHUSDT,292,201,91,68.84,-8.00,4,-3.49,1.647,0.480,158.7603,158.7603,اصلی
aggregated,Best_30m_ETHUSDT_INV,ETHUSDT,292,91,201,31.16,-26.00,13,-342.40,0.331,-0.944,-341.7979,-341.7979,معکوس
aggregated,Best_30m_PAXGUSDT,PAXGUSDT,166,85,81,51.20,-14.00,7,-18.93,0.717,-0.126,-11.4802,-11.4802,اصلی
aggregated,Best_30m_PAXGUSDT_INV,PAXGUSDT,166,81,85,48.80,-10.00,5,-124.32,0.286,-0.577,-123.7243,-123.7243,معکوس
aggregated,Best_30m_SOLUSDT,SOLUSDT,160,109,51,68.12,-8.00,4,-2.67,2.084,0.539,124.0257,124.0257,اصلی
aggregated,Best_30m_SOLUSDT_INV,SOLUSDT,160,51,109,31.87,-28.00,14,-182.69,0.352,-0.894,-182.0911,-182.0911,معکوس
aggregated,Best_30m_XRPUSDT,XRPUSDT,304,204,100,67.11,-12.00,6,-4.58,1.790,0.439,178.1268,178.1268,اصلی
aggregated,Best_30m_XRPUSDT_INV,XRPUSDT,304,100,204,32.89,-24.00,12,-340.81,0.336,-0.883,-340.8080,-340.8080,معکوس
aggregated,Best_30m_BTCUSDT_ETHUSDT,BTCUSDT_ETHUSDT,656,443,213,67.53,-8.00,4,-3.49,1.581,0.437,311.4206,311.4206,اصلی
aggregated,Best_30m_BTCUSDT_ETHUSDT_INV,BTCUSDT_ETHUSDT,656,213,443,32.47,-26.00,13,-750.52,0.319,-0.922,-749.9224,-749.9224,معکوس
aggregated,Best_30m_BTCUSDT_PAXGUSDT,BTCUSDT_PAXGUSDT,530,327,203,61.70,-14.00,7,-19.53,1.338,0.282,141.1801,141.1801,اصلی
aggregated,Best_30m_BTCUSDT_PAXGUSDT_INV,BTCUSDT_PAXGUSDT,530,203,327,38.30,-20.00,10,-531.85,0.301,-0.791,-531.8488,-531.8488,معکوس
aggregated,Best_30m_BTCUSDT_SOLUSDT,BTCUSDT_SOLUSDT,524,351,173,66.98,-8.00,4,-3.33,1.713,0.444,276.6861,276.6861,اصلی
aggregated,Best_30m_BTCUSDT_SOLUSDT_INV,BTCUSDT_SOLUSDT,524,173,351,33.02,-28.00,14,-590.82,0.323,-0.901,-590.2156,-590.2156,معکوس
aggregated,Best_30m_BTCUSDT_XRPUSDT,BTCUSDT_XRPUSDT,668,446,222,66.77,-12.00,6,-4.58,1.649,0.417,330.7871,330.7871,اصلی
aggregated,Best_30m_BTCUSDT_XRPUSDT_INV,BTCUSDT_XRPUSDT,668,222,446,33.23,-24.00,12,-748.93,0.322,-0.895,-748.9325,-748.9325,معکوس
aggregated,Best_30m_ETHUSDT_PAXGUSDT,ETHUSDT_PAXGUSDT,458,286,172,62.45,-14.00,7,-21.05,1.433,0.319,147.2800,147.2800,اصلی
aggregated,Best_30m_ETHUSDT_PAXGUSDT_INV,ETHUSDT_PAXGUSDT,458,172,286,37.55,-26.00,13,-465.52,0.310,-0.798,-465.5222,-465.5222,معکوس
aggregated,Best_30m_ETHUSDT_SOLUSDT,ETHUSDT_SOLUSDT,452,310,142,68.58,-8.00,4,-3.49,1.806,0.499,282.7860,282.7860,اصلی
aggregated,Best_30m_ETHUSDT_SOLUSDT_INV,ETHUSDT_SOLUSDT,452,142,310,31.42,-28.00,14,-524.49,0.338,-0.927,-523.8890,-523.8890,معکوس
aggregated,Best_30m_ETHUSDT_XRPUSDT,ETHUSDT_XRPUSDT,596,405,191,67.95,-12.00,6,-4.58,1.719,0.456,336.8871,336.8871,اصلی
aggregated,Best_30m_ETHUSDT_XRPUSDT_INV,ETHUSDT_XRPUSDT,596,191,405,32.05,-26.00,13,-682.61,0.333,-0.913,-682.6059,-682.6059,معکوس
aggregated,Best_30m_PAXGUSDT_SOLUSDT,PAXGUSDT_SOLUSDT,326,194,132,59.51,-14.00,7,-18.93,1.612,0.298,112.5455,112.5455,اصلی
aggregated,Best_30m_PAXGUSDT_SOLUSDT_INV,PAXGUSDT_SOLUSDT,326,132,194,40.49,-28.00,14,-307.02,0.311,-0.724,-305.8154,-305.8154,معکوس
aggregated,Best_30m_PAXGUSDT_XRPUSDT,PAXGUSDT_XRPUSDT,470,289,181,61.49,-14.00,7,-18.93,1.546,0.305,166.6466,166.6466,اصلی
aggregated,Best_30m_PAXGUSDT_XRPUSDT_INV,PAXGUSDT_XRPUSDT,470,181,289,38.51,-24.00,12,-465.13,0.313,-0.767,-464.5323,-464.5323,معکوس
aggregated,Best_30m_SOLUSDT_XRPUSDT,SOLUSDT_XRPUSDT,464,313,151,67.46,-12.00,6,-4.58,1.896,0.475,302.1526,302.1526,اصلی
aggregated,Best_30m_SOLUSDT_XRPUSDT_INV,SOLUSDT_XRPUSDT,464,151,313,32.54,-28.00,14,-522.90,0.341,-0.888,-522.8991,-522.8991,معکوس
aggregated,Best_30m_BTCUSDT_ETHUSDT_PAXGUSDT,BTCUSDT_ETHUSDT_PAXGUSDT,822,528,294,64.23,-14.00,7,-21.05,1.473,0.356,299.9403,299.9403,اصلی
aggregated,Best_30m_BTCUSDT_ETHUSDT_PAXGUSDT_INV,BTCUSDT_ETHUSDT_PAXGUSDT,822,294,528,35.77,-26.00,13,-873.65,0.310,-0.843,-873.6467,-873.6467,معکوس
aggregated,Best_30m_BTCUSDT_ETHUSDT_SOLUSDT,BTCUSDT_ETHUSDT_SOLUSDT,816,552,264,67.65,-8.00,4,-3.49,1.689,0.457,435.4463,435.4463,اصلی
aggregated,Best_30m_BTCUSDT_ETHUSDT_SOLUSDT_INV,BTCUSDT_ETHUSDT_SOLUSDT,816,264,552,32.35,-28.00,14,-932.61,0.326,-0.917,-932.0135,-932.0135,معکوس
aggregated,Best_30m_BTCUSDT_ETHUSDT_XRPUSDT,BTCUSDT_ETHUSDT_XRPUSDT,960,647,313,67.40,-12.00,6,-4.58,1.649,0.436,489.5474,489.5474,اصلی
aggregated,Best_30m_BTCUSDT_ETHUSDT_XRPUSDT_INV,BTCUSDT_ETHUSDT_XRPUSDT,960,313,647,32.60,-26.00,13,-1090.73,0.325,-0.910,-1090.7304,-1090.7304,معکوس
aggregated,Best_30m_BTCUSDT_PAXGUSDT_SOLUSDT,BTCUSDT_PAXGUSDT_SOLUSDT,690,436,254,63.19,-14.00,7,-19.53,1.560,0.349,265.2058,265.2058,اصلی
aggregated,Best_30m_BTCUSDT_PAXGUSDT_SOLUSDT_INV,BTCUSDT_PAXGUSDT_SOLUSDT,690,254,436,36.81,-28.00,14,-714.54,0.311,-0.815,-713.9399,-713.9399,معکوس
aggregated,Best_30m_BTCUSDT_PAXGUSDT_XRPUSDT,BTCUSDT_PAXGUSDT_XRPUSDT,834,531,303,63.67,-14.00,7,-19.53,1.533,0.344,319.3069,319.3069,اصلی
aggregated,Best_30m_BTCUSDT_PAXGUSDT_XRPUSDT_INV,BTCUSDT_PAXGUSDT_XRPUSDT,834,303,531,36.33,-24.00,12,-872.66,0.312,-0.824,-872.6568,-872.6568,معکوس
aggregated,Best_30m_BTCUSDT_SOLUSDT_XRPUSDT,BTCUSDT_SOLUSDT_XRPUSDT,828,555,273,67.03,-12.00,6,-4.58,1.742,0.442,454.8129,454.8129,اصلی
aggregated,Best_30m_BTCUSDT_SOLUSDT_XRPUSDT_INV,BTCUSDT_SOLUSDT_XRPUSDT,828,273,555,32.97,-28.00,14,-931.03,0.328,-0.895,-931.0236,-931.0236,معکوس
aggregated,Best_30m_ETHUSDT_PAXGUSDT_SOLUSDT,ETHUSDT_PAXGUSDT_SOLUSDT,618,395,223,63.92,-14.00,7,-21.05,1.640,0.382,271.3058,271.3058,اصلی
aggregated,Best_30m_ETHUSDT_PAXGUSDT_SOLUSDT_INV,ETHUSDT_PAXGUSDT_SOLUSDT,618,223,395,36.08,-28.00,14,-648.21,0.319,-0.822,-647.6133,-647.6133,معکوس
aggregated,Best_30m_ETHUSDT_PAXGUSDT_XRPUSDT,ETHUSDT_PAXGUSDT_XRPUSDT,762,490,272,64.30,-14.00,7,-21.05,1.595,0.370,325.4068,325.4068,اصلی
aggregated,Best_30m_ETHUSDT_PAXGUSDT_XRPUSDT_INV,ETHUSDT_PAXGUSDT_XRPUSDT,762,272,490,35.70,-26.00,13,-806.33,0.319,-0.831,-806.3302,-806.3302,معکوس
aggregated,Best_30m_ETHUSDT_SOLUSDT_XRPUSDT,ETHUSDT_SOLUSDT_XRPUSDT,756,514,242,67.99,-12.00,6,-4.58,1.800,0.474,460.9128,460.9128,اصلی
aggregated,Best_30m_ETHUSDT_SOLUSDT_XRPUSDT_INV,ETHUSDT_SOLUSDT_XRPUSDT,756,242,514,32.01,-28.00,14,-864.70,0.337,-0.909,-864.6970,-864.6970,معکوس
aggregated,Best_30m_PAXGUSDT_SOLUSDT_XRPUSDT,PAXGUSDT_SOLUSDT_XRPUSDT,630,398,232,63.17,-14.00,7,-18.93,1.717,0.369,290.6723,290.6723,اصلی
aggregated,Best_30m_PAXGUSDT_SOLUSDT_XRPUSDT_INV,PAXGUSDT_SOLUSDT_XRPUSDT,630,232,398,36.83,-28.00,14,-647.22,0.322,-0.798,-646.6234,-646.6234,معکوس
aggregated,Best_30m_BTCUSDT_ETHUSDT_PAXGUSDT_SOLUSDT,BTCUSDT_ETHUSDT_PAXGUSDT_SOLUSDT,982,637,345,64.87,-14.00,7,-21.05,1.594,0.388,423.9661,423.9661,اصلی
aggregated,Best_30m_BTCUSDT_ETHUSDT_PAXGUSDT_SOLUSDT_INV,BTCUSDT_ETHUSDT_PAXGUSDT_SOLUSDT,982,345,637,35.13,-28.00,14,-1056.34,0.316,-0.852,-1055.7378,-1055.7378,معکوس
aggregated,Best_30m_BTCUSDT_ETHUSDT_PAXGUSDT_XRPUSDT,BTCUSDT_ETHUSDT_PAXGUSDT_XRPUSDT,1126,732,394,65.01,-14.00,7,-21.05,1.569,0.379,478.0672,478.0672,اصلی
aggregated,Best_30m_BTCUSDT_ETHUSDT_PAXGUSDT_XRPUSDT_INV,BTCUSDT_ETHUSDT_PAXGUSDT_XRPUSDT,1126,394,732,34.99,-26.00,13,-1214.46,0.317,-0.854,-1214.4547,-1214.4547,معکوس
aggregated,Best_30m_BTCUSDT_ETHUSDT_SOLUSDT_XRPUSDT,BTCUSDT_ETHUSDT_SOLUSDT_XRPUSDT,1120,756,364,67.50,-12.00,6,-4.58,1.717,0.451,613.5732,613.5732,اصلی
aggregated,Best_30m_BTCUSDT_ETHUSDT_SOLUSDT_XRPUSDT_INV,BTCUSDT_ETHUSDT_SOLUSDT_XRPUSDT,1120,364,756,32.50,-28.00,14,-1272.82,0.329,-0.908,-1272.8215,-1272.8215,معکوس
aggregated,Best_30m_BTCUSDT_PAXGUSDT_SOLUSDT_XRPUSDT,BTCUSDT_PAXGUSDT_SOLUSDT_XRPUSDT,994,640,354,64.39,-14.00,7,-19.53,1.642,0.378,443.3326,443.3326,اصلی
aggregated,Best_30m_BTCUSDT_PAXGUSDT_SOLUSDT_XRPUSDT_INV,BTCUSDT_PAXGUSDT_SOLUSDT_XRPUSDT,994,354,640,35.61,-28.00,14,-1054.75,0.318,-0.836,-1054.7479,-1054.7479,معکوس
aggregated,Best_30m_ETHUSDT_PAXGUSDT_SOLUSDT_XRPUSDT,ETHUSDT_PAXGUSDT_SOLUSDT_XRPUSDT,922,599,323,64.97,-14.00,7,-21.05,1.696,0.401,449.4326,449.4326,اصلی
aggregated,Best_30m_ETHUSDT_PAXGUSDT_SOLUSDT_XRPUSDT_INV,ETHUSDT_PAXGUSDT_SOLUSDT_XRPUSDT,922,323,599,35.03,-28.00,14,-988.42,0.324,-0.842,-988.4213,-988.4213,معکوس
aggregated,Best_30m_BTCUSDT_ETHUSDT_PAXGUSDT_SOLUSDT_XRPUSDT,BTCUSDT_ETHUSDT_PAXGUSDT_SOLUSDT_XRPUSDT,1286,841,445,65.40,-14.00,7,-21.05,1.645,0.400,602.0929,602.0929,اصلی
aggregated,Best_30m_BTCUSDT_ETHUSDT_PAXGUSDT_SOLUSDT_XRPUSDT_INV,BTCUSDT_ETHUSDT_PAXGUSDT_SOLUSDT_XRPUSDT,1286,445,841,34.60,-28.00,14,-1396.55,0.321,-0.860,-1396.5458,-1396.5458,معکوس
aggregated,Best_5m_BTCUSDT,BTCUSDT,6351,4253,2098,66.97,-18.00,9,-7.51,0.874,0.232,963.3179,963.3179,اصلی
aggregated,Best_5m_BTCUSDT_INV,BTCUSDT,6351,2098,4253,33.03,-40.00,20,-7257.02,0.298,-0.936,-7256.4160,-7256.4160,معکوس
aggregated,Best_5m_ETHUSDT,ETHUSDT,6293,4341,1952,68.98,-16.00,8,-9.00,0.975,0.310,1365.2640,1365.2640,اصلی
aggregated,Best_5m_ETHUSDT_INV,ETHUSDT,6293,1952,4341,31.02,-40.00,20,-7514.13,0.299,-0.993,-7512.9229,-7512.9229,معکوس
aggregated,Best_5m_PAXGUSDT,PAXGUSDT,1451,827,624,57.00,-16.00,8,-63.53,0.732,-0.013,-11.0914,-11.0914,اصلی
aggregated,Best_5m_PAXGUSDT_INV,PAXGUSDT,1451,624,827,43.00,-22.00,11,-1289.24,0.293,-0.693,-1288.4206,-1288.4206,معکوس
aggregated,Best_5m_SOLUSDT,SOLUSDT,2878,2033,845,70.64,-12.00,6,-4.34,1.086,0.346,820.9103,820.9103,اصلی
aggregated,Best_5m_SOLUSDT_INV,SOLUSDT,2878,845,2033,29.36,-44.00,22,-3560.01,0.301,-1.043,-3557.0070,-3557.0070,معکوس
aggregated,Best_5m_XRPUSDT,XRPUSDT,4753,3211,1542,67.56,-16.00,8,-6.02,1.030,0.294,1061.7262,1061.7262,اصلی
aggregated,Best_5m_XRPUSDT_INV,XRPUSDT,4753,1542,3211,32.44,-38.00,19,-5495.92,0.301,-0.949,-5494.7197,-5494.7197,معکوس
aggregated,Best_5m_BTCUSDT_ETHUSDT,BTCUSDT_ETHUSDT,12644,8594,4050,67.97,-18.00,9,-9.00,0.925,0.272,2328.5820,2328.5820,اصلی
aggregated,Best_5m_BTCUSDT_ETHUSDT_INV,BTCUSDT_ETHUSDT,12644,4050,8594,32.03,-40.00,20,-14770.55,0.299,-0.964,-14769.3389,-14769.3389,معکوس
aggregated,Best_5m_BTCUSDT_PAXGUSDT,BTCUSDT_PAXGUSDT,7802,5080,2722,65.11,-18.00,9,-70.75,0.852,0.189,952.2265,952.2265,اصلی
aggregated,Best_5m_BTCUSDT_PAXGUSDT_INV,BTCUSDT_PAXGUSDT,7802,2722,5080,34.89,-40.00,20,-8544.86,0.297,-0.886,-8544.8366,-8544.8366,معکوس
aggregated,Best_5m_BTCUSDT_SOLUSDT,BTCUSDT_SOLUSDT,9229,6286,2943,68.11,-18.00,9,-8.71,0.943,0.271,1784.2282,1784.2282,اصلی
aggregated,Best_5m_BTCUSDT_SOLUSDT_INV,BTCUSDT_SOLUSDT,9229,2943,6286,31.89,-44.00,22,-10815.23,0.299,-0.968,-10813.4230,-10813.4230,معکوس
aggregated,Best_5m_BTCUSDT_XRPUSDT,BTCUSDT_XRPUSDT,11104,7464,3640,67.22,-18.00,9,-7.51,0.941,0.260,2025.0442,2025.0442,اصلی
aggregated,Best_5m_BTCUSDT_XRPUSDT_INV,BTCUSDT_XRPUSDT,11104,3640,7464,32.78,-40.00,20,-12752.35,0.299,-0.941,-12751.1357,-12751.1357,معکوس
aggregated,Best_5m_ETHUSDT_PAXGUSDT,ETHUSDT_PAXGUSDT,7744,5168,2576,66.74,-16.00,8,-65.12,0.938,0.254,1354.1726,1354.1726,اصلی
aggregated,Best_5m_ETHUSDT_PAXGUSDT_INV,ETHUSDT_PAXGUSDT,7744,2576,5168,33.26,-40.00,20,-8801.36,0.298,-0.929,-8801.3435,-8801.3435,معکوس
aggregated,Best_5m_ETHUSDT_SOLUSDT,ETHUSDT_SOLUSDT,9171,6374,2797,69.50,-16.00,8,-9.00,1.011,0.321,2186.1743,2186.1743,اصلی
aggregated,Best_5m_ETHUSDT_SOLUSDT_INV,ETHUSDT_SOLUSDT,9171,2797,6374,30.50,-44.00,22,-11071.74,0.300,-1.008,-11069.9299,-11069.9299,معکوس
aggregated,Best_5m_ETHUSDT_XRPUSDT,ETHUSDT_XRPUSDT,11046,7552,3494,68.37,-16.00,8,-9.00,0.998,0.302,2426.9903,2426.9903,اصلی
aggregated,Best_5m_ETHUSDT_XRPUSDT_INV,ETHUSDT_XRPUSDT,11046,3494,7552,31.63,-40.00,20,-13008.85,0.300,-0.974,-13007.6426,-13007.6426,معکوس
aggregated,Best_5m_PAXGUSDT_SOLUSDT,PAXGUSDT_SOLUSDT,4329,2860,1469,66.07,-16.00,8,-63.53,0.989,0.243,809.8188,809.8188,اصلی
aggregated,Best_5m_PAXGUSDT_SOLUSDT_INV,PAXGUSDT_SOLUSDT,4329,1469,2860,33.93,-44.00,22,-4848.04,0.298,-0.910,-4845.4276,-4845.4276,معکوس
aggregated,Best_5m_PAXGUSDT_XRPUSDT,PAXGUSDT_XRPUSDT,6204,4038,2166,65.09,-16.00,8,-63.53,0.972,0.231,1050.6348,1050.6348,اصلی
aggregated,Best_5m_PAXGUSDT_XRPUSDT_INV,PAXGUSDT_XRPUSDT,6204,2166,4038,34.91,-38.00,19,-6785.15,0.298,-0.883,-6783.1403,-6783.1403,معکوس
aggregated,Best_5m_SOLUSDT_XRPUSDT,SOLUSDT_XRPUSDT,7631,5244,2387,68.72,-16.00,8,-6.02,1.052,0.314,1882.6365,1882.6365,اصلی
aggregated,Best_5m_SOLUSDT_XRPUSDT_INV,SOLUSDT_XRPUSDT,7631,2387,5244,31.28,-44.00,22,-9054.13,0.301,-0.983,-9051.7267,-9051.7267,معکوس
aggregated,Best_5m_BTCUSDT_ETHUSDT_PAXGUSDT,BTCUSDT_ETHUSDT_PAXGUSDT,14095,9421,4674,66.84,-18.00,9,-65.12,0.909,0.244,2317.4905,2317.4905,اصلی
aggregated,Best_5m_BTCUSDT_ETHUSDT_PAXGUSDT_INV,BTCUSDT_ETHUSDT_PAXGUSDT,14095,4674,9421,33.16,-40.00,20,-16057.79,0.298,-0.932,-16057.7595,-16057.7595,معکوس
aggregated,Best_5m_BTCUSDT_ETHUSDT_SOLUSDT,BTCUSDT_ETHUSDT_SOLUSDT,15522,10627,4895,68.46,-18.00,9,-9.00,0.956,0.286,3149.4923,3149.4923,اصلی
aggregated,Best_5m_BTCUSDT_ETHUSDT_SOLUSDT_INV,BTCUSDT_ETHUSDT_SOLUSDT,15522,4895,10627,31.54,-44.00,22,-18328.16,0.299,-0.978,-18326.3459,-18326.3459,معکوس
aggregated,Best_5m_BTCUSDT_ETHUSDT_XRPUSDT,BTCUSDT_ETHUSDT_XRPUSDT,17397,11805,5592,67.86,-18.00,9,-9.00,0.954,0.278,3390.3082,3390.3082,اصلی
aggregated,Best_5m_BTCUSDT_ETHUSDT_XRPUSDT_INV,BTCUSDT_ETHUSDT_XRPUSDT,17397,5592,11805,32.14,-40.00,20,-20265.27,0.299,-0.960,-20264.0586,-20264.0586,معکوس
aggregated,Best_5m_BTCUSDT_PAXGUSDT_SOLUSDT,BTCUSDT_PAXGUSDT_SOLUSDT,10680,7113,3567,66.60,-18.00,9,-70.75,0.920,0.236,1773.1368,1773.1368,اصلی
aggregated,Best_5m_BTCUSDT_PAXGUSDT_SOLUSDT_INV,BTCUSDT_PAXGUSDT_SOLUSDT,10680,3567,7113,33.40,-44.00,22,-12103.66,0.298,-0.925,-12101.8436,-12101.8436,معکوس
aggregated,Best_5m_BTCUSDT_PAXGUSDT_XRPUSDT,BTCUSDT_PAXGUSDT_XRPUSDT,12555,8291,4264,66.04,-18.00,9,-70.75,0.922,0.231,2013.9527,2013.9527,اصلی
aggregated,Best_5m_BTCUSDT_PAXGUSDT_XRPUSDT_INV,BTCUSDT_PAXGUSDT_XRPUSDT,12555,4264,8291,33.96,-40.00,20,-14040.77,0.298,-0.909,-14039.5563,-14039.5563,معکوس
aggregated,Best_5m_BTCUSDT_SOLUSDT_XRPUSDT,BTCUSDT_SOLUSDT_XRPUSDT,13982,9497,4485,67.92,-18.00,9,-8.71,0.973,0.279,2845.9544,2845.9544,اصلی
aggregated,Best_5m_BTCUSDT_SOLUSDT_XRPUSDT_INV,BTCUSDT_SOLUSDT_XRPUSDT,13982,4485,9497,32.08,-44.00,22,-16309.36,0.299,-0.961,-16308.1427,-16308.1427,معکوس
aggregated,Best_5m_ETHUSDT_PAXGUSDT_SOLUSDT,ETHUSDT_PAXGUSDT_SOLUSDT,10622,7201,3421,67.79,-16.00,8,-65.12,0.981,0.281,2175.0829,2175.0829,اصلی
aggregated,Best_5m_ETHUSDT_PAXGUSDT_SOLUSDT_INV,ETHUSDT_PAXGUSDT_SOLUSDT,10622,3421,7201,32.21,-44.00,22,-12360.16,0.299,-0.958,-12358.3505,-12358.3505,معکوس
aggregated,Best_5m_ETHUSDT_PAXGUSDT_XRPUSDT,ETHUSDT_PAXGUSDT_XRPUSDT,12497,8379,4118,67.05,-16.00,8,-65.12,0.974,0.270,2415.8988,2415.8988,اصلی
aggregated,Best_5m_ETHUSDT_PAXGUSDT_XRPUSDT_INV,ETHUSDT_PAXGUSDT_XRPUSDT,12497,4118,8379,32.95,-40.00,20,-14297.27,0.299,-0.937,-14296.0632,-14296.0632,معکوس
aggregated,Best_5m_ETHUSDT_SOLUSDT_XRPUSDT,ETHUSDT_SOLUSDT_XRPUSDT,13924,9585,4339,68.84,-16.00,8,-9.00,1.017,0.312,3247.9005,3247.9005,اصلی
aggregated,Best_5m_ETHUSDT_SOLUSDT_XRPUSDT_INV,ETHUSDT_SOLUSDT_XRPUSDT,13924,4339,9585,31.16,-44.00,22,-16565.86,0.300,-0.988,-16564.6496,-16564.6496,معکوس
aggregated,Best_5m_PAXGUSDT_SOLUSDT_XRPUSDT,PAXGUSDT_SOLUSDT_XRPUSDT,9082,6071,3011,66.85,-16.00,8,-63.53,1.011,0.270,1871.5451,1871.5451,اصلی
aggregated,Best_5m_PAXGUSDT_SOLUSDT_XRPUSDT_INV,PAXGUSDT_SOLUSDT_XRPUSDT,9082,3011,6071,33.15,-44.00,22,-10342.17,0.299,-0.930,-10340.1473,-10340.1473,معکوس
aggregated,Best_5m_BTCUSDT_ETHUSDT_PAXGUSDT_SOLUSDT,BTCUSDT_ETHUSDT_PAXGUSDT_SOLUSDT,16973,11454,5519,67.48,-18.00,9,-65.12,0.941,0.263,3138.4008,3138.4008,اصلی
aggregated,Best_5m_BTCUSDT_ETHUSDT_PAXGUSDT_SOLUSDT_INV,BTCUSDT_ETHUSDT_PAXGUSDT_SOLUSDT,16973,5519,11454,32.52,-44.00,22,-19616.59,0.298,-0.950,-19614.7665,-19614.7665,معکوس
aggregated,Best_5m_BTCUSDT_ETHUSDT_PAXGUSDT_XRPUSDT,BTCUSDT_ETHUSDT_PAXGUSDT_XRPUSDT,18848,12632,6216,67.02,-18.00,9,-65.12,0.940,0.257,3379.2168,3379.2168,اصلی
aggregated,Best_5m_BTCUSDT_ETHUSDT_PAXGUSDT_XRPUSDT_INV,BTCUSDT_ETHUSDT_PAXGUSDT_XRPUSDT,18848,6216,12632,32.98,-40.00,20,-21553.70,0.299,-0.936,-21552.4792,-21552.4792,معکوس
aggregated,Best_5m_BTCUSDT_ETHUSDT_SOLUSDT_XRPUSDT,BTCUSDT_ETHUSDT_SOLUSDT_XRPUSDT,20275,13838,6437,68.25,-18.00,9,-9.00,0.973,0.288,4211.2185,4211.2185,اصلی
aggregated,Best_5m_BTCUSDT_ETHUSDT_SOLUSDT_XRPUSDT_INV,BTCUSDT_ETHUSDT_SOLUSDT_XRPUSDT,20275,6437,13838,31.75,-44.00,22,-23822.29,0.299,-0.971,-23821.0656,-23821.0656,معکوس
aggregated,Best_5m_BTCUSDT_PAXGUSDT_SOLUSDT_XRPUSDT,BTCUSDT_PAXGUSDT_SOLUSDT_XRPUSDT,15433,10324,5109,66.90,-18.00,9,-70.75,0.955,0.255,2834.8630,2834.8630,اصلی
aggregated,Best_5m_BTCUSDT_PAXGUSDT_SOLUSDT_XRPUSDT_INV,BTCUSDT_PAXGUSDT_SOLUSDT_XRPUSDT,15433,5109,10324,33.10,-44.00,22,-17597.78,0.299,-0.933,-17596.5633,-17596.5633,معکوس
aggregated,Best_5m_ETHUSDT_PAXGUSDT_SOLUSDT_XRPUSDT,ETHUSDT_PAXGUSDT_SOLUSDT_XRPUSDT,15375,10412,4963,67.72,-16.00,8,-65.12,0.996,0.285,3236.8091,3236.8091,اصلی
aggregated,Best_5m_ETHUSDT_PAXGUSDT_SOLUSDT_XRPUSDT_INV,ETHUSDT_PAXGUSDT_SOLUSDT_XRPUSDT,15375,4963,10412,32.28,-44.00,22,-17854.29,0.299,-0.955,-17853.0702,-17853.0702,معکوس
aggregated,Best_5m_BTCUSDT_ETHUSDT_PAXGUSDT_SOLUSDT_XRPUSDT,BTCUSDT_ETHUSDT_PAXGUSDT_SOLUSDT_XRPUSDT,21726,14665,7061,67.50,-18.00,9,-65.12,0.961,0.270,4200.1270,4200.1270,اصلی
aggregated,Best_5m_BTCUSDT_ETHUSDT_PAXGUSDT_SOLUSDT_XRPUSDT_INV,BTCUSDT_ETHUSDT_PAXGUSDT_SOLUSDT_XRPUSDT,21726,7061,14665,32.50,-44.00,22,-25110.71,0.299,-0.950,-25109.4862,-25109.4862,معکوس
aggregated,Dtsv_BTCUSDT,BTCUSDT,12,4,8,33.33,-6.00,3,-3.14,0.694,-0.484,-3.1364,-3.1364,اصلی
aggregated,Dtsv_BTCUSDT_INV,BTCUSDT,12,8,4,66.67,-4.00,2,-6.20,0.300,-0.208,-3.1984,-3.1984,معکوس
aggregated,Dtsv_ETHUSDT,ETHUSDT,9,4,5,44.44,-10.00,5,-3.00,0.471,-0.447,-1.8715,-1.8715,اصلی
aggregated,Dtsv_ETHUSDT_INV,ETHUSDT,9,5,4,55.56,-8.00,4,-8.00,0.300,-0.405,-4.9990,-4.9990,معکوس
aggregated,Dtsv_SOLUSDT,SOLUSDT,2,1,1,50.00,-2.00,1,-0.60,0.500,-0.236,-0.3000,-0.3000,اصلی
aggregated,Dtsv_SOLUSDT_INV,SOLUSDT,2,1,1,50.00,-2.00,1,-2.00,0.300,-0.381,-1.3998,-1.3998,معکوس
aggregated,Dtsv_XRPUSDT,XRPUSDT,7,6,1,85.71,-2.00,1,-0.60,1.302,0.575,4.0887,4.0887,اصلی
aggregated,Dtsv_XRPUSDT_INV,XRPUSDT,7,1,6,14.29,-10.00,5,-11.40,0.300,-1.657,-11.3998,-11.3998,معکوس
aggregated,Dtsv_BTCUSDT_ETHUSDT,BTCUSDT_ETHUSDT,21,8,13,38.10,-10.00,5,-5.01,0.582,-0.479,-5.0079,-5.0079,اصلی
aggregated,Dtsv_BTCUSDT_ETHUSDT_INV,BTCUSDT_ETHUSDT,21,13,8,61.90,-8.00,4,-12.40,0.300,-0.302,-8.1974,-8.1974,معکوس
aggregated,Dtsv_BTCUSDT_SOLUSDT,BTCUSDT_SOLUSDT,14,5,9,35.71,-6.00,3,-3.44,0.655,-0.464,-3.4365,-3.4365,اصلی
aggregated,Dtsv_BTCUSDT_SOLUSDT_INV,BTCUSDT_SOLUSDT,14,9,5,64.29,-4.00,2,-6.40,0.300,-0.254,-4.5982,-4.5982,معکوس
aggregated,Dtsv_BTCUSDT_XRPUSDT,BTCUSDT_XRPUSDT,19,10,9,52.63,-6.00,3,-3.14,1.059,0.060,0.9523,0.9523,اصلی
aggregated,Dtsv_BTCUSDT_XRPUSDT_INV,BTCUSDT_XRPUSDT,19,9,10,47.37,-10.00,5,-15.80,0.300,-0.576,-14.5982,-14.5982,معکوس
aggregated,Dtsv_ETHUSDT_SOLUSDT,ETHUSDT_SOLUSDT,11,5,6,45.45,-10.00,5,-3.30,0.476,-0.426,-2.1715,-2.1715,اصلی
aggregated,Dtsv_ETHUSDT_SOLUSDT_INV,ETHUSDT_SOLUSDT,11,6,5,54.55,-8.00,4,-8.00,0.300,-0.428,-6.3988,-6.3988,معکوس
aggregated,Dtsv_ETHUSDT_XRPUSDT,ETHUSDT_XRPUSDT,16,10,6,62.50,-10.00,5,-3.00,0.969,0.166,2.2173,2.2173,اصلی
aggregated,Dtsv_ETHUSDT_XRPUSDT_INV,ETHUSDT_XRPUSDT,16,6,10,37.50,-10.00,5,-16.40,0.300,-0.788,-16.3988,-16.3988,معکوس
aggregated,Dtsv_SOLUSDT_XRPUSDT,SOLUSDT_XRPUSDT,9,7,2,77.78,-2.00,1,-0.60,1.187,0.436,3.7887,3.7887,اصلی
aggregated,Dtsv_SOLUSDT_XRPUSDT_INV,SOLUSDT_XRPUSDT,9,2,7,22.22,-10.00,5,-12.80,0.300,-1.240,-12.7996,-12.7996,معکوس
aggregated,Dtsv_BTCUSDT_ETHUSDT_SOLUSDT,BTCUSDT_ETHUSDT_SOLUSDT,23,9,14,39.13,-10.00,5,-5.31,0.573,-0.467,-5.3079,-5.3079,اصلی
aggregated,Dtsv_BTCUSDT_ETHUSDT_SOLUSDT_INV,BTCUSDT_ETHUSDT_SOLUSDT,23,14,9,60.87,-8.00,4,-12.40,0.300,-0.322,-9.5972,-9.5972,معکوس
aggregated,Dtsv_BTCUSDT_ETHUSDT_XRPUSDT,BTCUSDT_ETHUSDT_XRPUSDT,28,14,14,50.00,-10.00,5,-5.01,0.891,-0.044,-0.9192,-0.9192,اصلی
aggregated,Dtsv_BTCUSDT_ETHUSDT_XRPUSDT_INV,BTCUSDT_ETHUSDT_XRPUSDT,28,14,14,50.00,-10.00,5,-20.80,0.300,-0.529,-19.5972,-19.5972,معکوس
aggregated,Dtsv_BTCUSDT_SOLUSDT_XRPUSDT,BTCUSDT_SOLUSDT_XRPUSDT,21,11,10,52.38,-6.00,3,-3.44,1.008,0.038,0.6522,0.6522,اصلی
aggregated,Dtsv_BTCUSDT_SOLUSDT_XRPUSDT_INV,BTCUSDT_SOLUSDT_XRPUSDT,21,10,11,47.62,-10.00,5,-17.20,0.300,-0.572,-15.9980,-15.9980,معکوس
aggregated,Dtsv_ETHUSDT_SOLUSDT_XRPUSDT,ETHUSDT_SOLUSDT_XRPUSDT,18,11,7,61.11,-10.00,5,-3.30,0.927,0.133,1.9172,1.9172,اصلی
aggregated,Dtsv_ETHUSDT_SOLUSDT_XRPUSDT_INV,ETHUSDT_SOLUSDT_XRPUSDT,18,7,11,38.89,-10.00,5,-17.80,0.300,-0.758,-17.7986,-17.7986,معکوس
aggregated,Dtsv_BTCUSDT_ETHUSDT_SOLUSDT_XRPUSDT,BTCUSDT_ETHUSDT_SOLUSDT_XRPUSDT,30,15,15,50.00,-10.00,5,-5.31,0.865,-0.056,-1.2192,-1.2192,اصلی
aggregated,Dtsv_BTCUSDT_ETHUSDT_SOLUSDT_XRPUSDT_INV,BTCUSDT_ETHUSDT_SOLUSDT_XRPUSDT,30,15,15,50.00,-10.00,5,-22.20,0.300,-0.529,-20.9970,-20.9970,معکوس
aggregated,Ttt3_BTCUSDT,BTCUSDT,7931,3705,4222,46.72,-26.00,13,-406.99,0.940,-0.082,-404.2004,-404.2004,اصلی
aggregated,Ttt3_BTCUSDT_INV,BTCUSDT,7931,4222,3705,53.23,-22.00,11,-5102.05,0.274,-0.506,-5100.3989,-5100.3989,معکوس
aggregated,Ttt3_ETHUSDT,ETHUSDT,7879,3747,4131,47.56,-30.00,15,-224.91,1.003,-0.040,-204.8235,-204.8235,اصلی
aggregated,Ttt3_ETHUSDT_INV,ETHUSDT,7879,4131,3747,52.43,-20.00,10,-5228.76,0.274,-0.521,-5228.2132,-5228.2132,معکوس
aggregated,Ttt3_SOLUSDT,SOLUSDT,4005,1830,2175,45.69,-24.00,12,-186.57,1.045,-0.054,-144.0041,-144.0041,اصلی
aggregated,Ttt3_SOLUSDT_INV,SOLUSDT,4005,2175,1830,54.31,-18.00,9,-2468.62,0.274,-0.485,-2466.8813,-2466.8813,معکوس
aggregated,Ttt3_XRPUSDT,XRPUSDT,6302,2893,3406,45.91,-30.00,15,-316.82,0.986,-0.075,-303.6607,-303.6607,اصلی
aggregated,Ttt3_XRPUSDT_INV,XRPUSDT,6302,3406,2893,54.05,-22.00,11,-3918.91,0.274,-0.489,-3917.5994,-3917.5994,معکوس
aggregated,Ttt3_BTCUSDT_ETHUSDT,BTCUSDT_ETHUSDT,15810,7452,8353,47.13,-30.00,15,-613.01,0.972,-0.061,-609.0239,-609.0239,اصلی
aggregated,Ttt3_BTCUSDT_ETHUSDT_INV,BTCUSDT_ETHUSDT,15810,8353,7452,52.83,-22.00,11,-10330.26,0.274,-0.514,-10328.6121,-10328.6121,معکوس
aggregated,Ttt3_BTCUSDT_SOLUSDT,BTCUSDT_SOLUSDT,11936,5535,6397,46.37,-26.00,13,-551.60,0.975,-0.072,-548.2045,-548.2045,اصلی
aggregated,Ttt3_BTCUSDT_SOLUSDT_INV,BTCUSDT_SOLUSDT,11936,6397,5535,53.59,-22.00,11,-7568.59,0.274,-0.499,-7567.2802,-7567.2802,معکوس
aggregated,Ttt3_BTCUSDT_XRPUSDT,BTCUSDT_XRPUSDT,14233,6598,7628,46.36,-30.00,15,-717.21,0.960,-0.079,-707.8610,-707.8610,اصلی
aggregated,Ttt3_BTCUSDT_XRPUSDT_INV,BTCUSDT_XRPUSDT,14233,7628,6598,53.59,-22.00,11,-9019.66,0.274,-0.499,-9017.9983,-9017.9983,معکوس
aggregated,Ttt3_ETHUSDT_SOLUSDT,ETHUSDT_SOLUSDT,11884,5577,6306,46.93,-30.00,15,-368.33,1.017,-0.045,-348.8276,-348.8276,اصلی
aggregated,Ttt3_ETHUSDT_SOLUSDT_INV,ETHUSDT_SOLUSDT,11884,6306,5577,53.06,-20.00,10,-7695.30,0.274,-0.509,-7695.0945,-7695.0945,معکوس
aggregated,Ttt3_ETHUSDT_XRPUSDT,ETHUSDT_XRPUSDT,14181,6640,7537,46.82,-30.00,15,-533.94,0.995,-0.055,-508.4842,-508.4842,اصلی
aggregated,Ttt3_ETHUSDT_XRPUSDT_INV,ETHUSDT_XRPUSDT,14181,7537,6640,53.15,-22.00,11,-9146.37,0.274,-0.507,-9145.8126,-9145.8126,معکوس
aggregated,Ttt3_SOLUSDT_XRPUSDT,SOLUSDT_XRPUSDT,10307,4723,5581,45.82,-30.00,15,-496.18,1.009,-0.067,-447.6648,-447.6648,اصلی
aggregated,Ttt3_SOLUSDT_XRPUSDT_INV,SOLUSDT_XRPUSDT,10307,5581,4723,54.15,-22.00,11,-6386.57,0.274,-0.488,-6384.4807,-6384.4807,معکوس
aggregated,Ttt3_BTCUSDT_ETHUSDT_SOLUSDT,BTCUSDT_ETHUSDT_SOLUSDT,19815,9282,10528,46.84,-30.00,15,-756.43,0.986,-0.059,-753.0280,-753.0280,اصلی
aggregated,Ttt3_BTCUSDT_ETHUSDT_SOLUSDT_INV,BTCUSDT_ETHUSDT_SOLUSDT,19815,10528,9282,53.13,-22.00,11,-12796.80,0.274,-0.508,-12795.4934,-12795.4934,معکوس
aggregated,Ttt3_BTCUSDT_ETHUSDT_XRPUSDT,BTCUSDT_ETHUSDT_XRPUSDT,22112,10345,11759,46.78,-30.00,15,-922.04,0.976,-0.065,-912.6845,-912.6845,اصلی
aggregated,Ttt3_BTCUSDT_ETHUSDT_XRPUSDT_INV,BTCUSDT_ETHUSDT_XRPUSDT,22112,11759,10345,53.18,-22.00,11,-14247.87,0.274,-0.507,-14246.2115,-14246.2115,معکوس
aggregated,Ttt3_BTCUSDT_SOLUSDT_XRPUSDT,BTCUSDT_SOLUSDT_XRPUSDT,18238,8428,9803,46.21,-30.00,15,-861.22,0.979,-0.073,-851.8651,-851.8651,اصلی
aggregated,Ttt3_BTCUSDT_SOLUSDT_XRPUSDT_INV,BTCUSDT_SOLUSDT_XRPUSDT,18238,9803,8428,53.75,-22.00,11,-11486.54,0.274,-0.496,-11484.8796,-11484.8796,معکوس
aggregated,Ttt3_ETHUSDT_SOLUSDT_XRPUSDT,ETHUSDT_SOLUSDT_XRPUSDT,18186,8470,9712,46.57,-30.00,15,-677.94,1.006,-0.055,-652.4883,-652.4883,اصلی
aggregated,Ttt3_ETHUSDT_SOLUSDT_XRPUSDT_INV,ETHUSDT_SOLUSDT_XRPUSDT,18186,9712,8470,53.40,-22.00,11,-11613.26,0.274,-0.502,-11612.6939,-11612.6939,معکوس
aggregated,Ttt3_BTCUSDT_ETHUSDT_SOLUSDT_XRPUSDT,BTCUSDT_ETHUSDT_SOLUSDT_XRPUSDT,26117,12175,13934,46.62,-30.00,15,-1066.04,0.986,-0.063,-1056.6886,-1056.6886,اصلی
aggregated,Ttt3_BTCUSDT_ETHUSDT_SOLUSDT_XRPUSDT_INV,BTCUSDT_ETHUSDT_SOLUSDT_XRPUSDT,26117,13934,12175,53.35,-22.00,11,-16714.76,0.274,-0.503,-16713.0928,-16713.0928,معکوس
